State,Route,URL,Bus_Name,Type,Origin,Departure,Destination,Arrival,Duration,Fare,Seats,Rating
Bihar,Patna To Bettiah,https://www.redbus.in/bus-tickets/patna-to-bettiah,V.I.P Travels,A/C Seater / Sleeper (2+2),Bus Stand,21:40,Betiah Bus Stand,03:40,06h 00m,350,61 Seats available,3.7
Bihar,Patna To Bettiah,https://www.redbus.in/bus-tickets/patna-to-bettiah,Jai Hanuman Travels,A/C Seater / Sleeper (2+2),Gandhi Maidan bsrtc bus depo,22:20,Betiah Bus Stand,05:00,06h 40m,550,54 Seats available,3.7
Bihar,Patna To Bettiah,https://www.redbus.in/bus-tickets/patna-to-bettiah,Jai Mata Di,AC Seater (2+2),Patliputra Bairiya ISBT,05:40,Betiah Bus Stand,10:12,04h 32m,450,41 Seats available,3.7
Bihar,Patna To Bettiah,https://www.redbus.in/bus-tickets/patna-to-bettiah,Jai Mata Di,AC Seater (2+2),Patliputra Bairiya ISBT,05:43,Betiah Bus Stand,10:15,04h 32m,450,41 Seats available,3.7
Bihar,Patna To Bettiah,https://www.redbus.in/bus-tickets/patna-to-bettiah,Jai Mata Di,AC Seater (2+2),Patliputra Bairiya ISBT,05:45,Betiah Bus Stand,10:17,04h 32m,450,41 Seats available,3.7
Bihar,Patna To Bettiah,https://www.redbus.in/bus-tickets/patna-to-bettiah,Jai Mata Di,AC Seater (2+2),Patliputra Bairiya ISBT,05:47,Betiah Bus Stand,10:19,04h 32m,450,41 Seats available,3.7
Bihar,Patna To Bettiah,https://www.redbus.in/bus-tickets/patna-to-bettiah,Saurabh Travels,A/C Seater Push Back (2+2),Patliputra Bairiya ISBT,07:00,Betiah Bus Stand,12:30,05h 30m,450,42 Seats available,3.7
Bihar,Patna To Bettiah,https://www.redbus.in/bus-tickets/patna-to-bettiah,Saurabh Travels,A/C Seater Push Back (2+2),Patliputra Bairiya ISBT,07:12,Betiah Bus Stand,12:30,05h 18m,450,42 Seats available,3.7
Bihar,Patna To Bettiah,https://www.redbus.in/bus-tickets/patna-to-bettiah,Saurabh Travels,A/C Seater Push Back (2+2),Patliputra Bairiya ISBT,07:20,Betiah Bus Stand,12:30,05h 10m,450,42 Seats available,3.7
Bihar,Patna To Bettiah,https://www.redbus.in/bus-tickets/patna-to-bettiah,Saurabh Travels,A/C Seater Push Back (2+2),Patliputra Bairiya ISBT,07:25,Betiah Bus Stand,12:45,05h 20m,450,42 Seats available,3.7
Bihar,Patna To Bettiah,https://www.redbus.in/bus-tickets/patna-to-bettiah,Saurabh Travels,A/C Seater Push Back (2+2),Patliputra Bairiya ISBT,07:32,Betiah Bus Stand,12:50,05h 18m,450,42 Seats available,3.7
Bihar,Patna To Bettiah,https://www.redbus.in/bus-tickets/patna-to-bettiah,Saurabh Travels,A/C Seater Push Back (2+2),Patliputra Bairiya ISBT,07:37,Betiah Bus Stand,13:00,05h 23m,450,42 Seats available,3.7
Bihar,Patna To Bettiah,https://www.redbus.in/bus-tickets/patna-to-bettiah,Saurabh Travels,A/C Seater Push Back (2+2),Patliputra Bairiya ISBT,08:12,Betiah Bus Stand,13:30,05h 18m,450,42 Seats available,3.7
Bihar,Patna To Bettiah,https://www.redbus.in/bus-tickets/patna-to-bettiah,Saurabh Travels,A/C Seater Push Back (2+2),Patliputra Bairiya ISBT,08:41,Betiah Bus Stand,13:50,05h 09m,450,42 Seats available,3.7
Bihar,Patna To Bettiah,https://www.redbus.in/bus-tickets/patna-to-bettiah,Jai Hanuman Travels,A/C Seater / Sleeper (2+2),Gandhi Maidan bsrtc bus depo,09:30,Betiah Bus Stand,16:00,06h 30m,500,60 Seats available,3.7
Bihar,Patna To Bettiah,https://www.redbus.in/bus-tickets/patna-to-bettiah,Vivek Travels,A/C Seater (2+2),Patliputra Bairiya ISBT,13:25,Betiah Bus Stand,20:25,07h 00m,450,45 Seats available,3.7
Bihar,Patna To Bettiah,https://www.redbus.in/bus-tickets/patna-to-bettiah,Vivek Travels,A/C Seater / Sleeper (2+2),Patliputra Bairiya ISBT,13:30,Betiah Bus Stand,20:30,07h 00m,400,72 Seats available,3.7
Bihar,Patna To Bettiah,https://www.redbus.in/bus-tickets/patna-to-bettiah,Jai Mata Di Tour and Travels,A/C Seater / Sleeper (2+2),Patna,20:28,Bettiah Bus Stand,02:00,05h 32m,500,6 Seats available,3.7
Bihar,Patna To Bettiah,https://www.redbus.in/bus-tickets/patna-to-bettiah,Jai Mata Di Tour and Travels,A/C Seater / Sleeper (2+2),Patna new bairiya bus stand,22:40,Bettiah Bus Stand,04:00,05h 20m,450,28 Seats available,3.7
Bihar,Patna To Bettiah,https://www.redbus.in/bus-tickets/patna-to-bettiah,Sri Krishna Rath,A/C Seater / Sleeper (2+2),SRI KRISHNA RATH OFFICE ZERO ...,21:00,BETTIAH,01:30,04h 30m,1169,62 Seats available,3.7
Bihar,Gopalganj (Bihar) To Delhi,https://www.redbus.in/bus-tickets/gopalganj-to-delhi,ROYAL TRAVELS AND CARGO,A/C Seater / Sleeper (2+2),Banjari Mod,17:30,ISBT Kashmiri Gate,08:30,15h 00m,1096,37 Seats available,2.2
Bihar,Gopalganj (Bihar) To Delhi,https://www.redbus.in/bus-tickets/gopalganj-to-delhi,Panwar tour and Travels,A/C Seater / Sleeper (2+1),"Banjari Mod, Gopalganj",15:40,Anand Vihar,09:30,17h 50m,1199,37 Seats available,2.2
Bihar,Gopalganj (Bihar) To Delhi,https://www.redbus.in/bus-tickets/gopalganj-to-delhi,Rajdhani Express,A/C Seater / Sleeper (2+2),Gopalganj,15:00,Anand Vihar,07:00,16h 00m,1899,30 Seats available,2.2
Bihar,Gopalganj (Bihar) To Delhi,https://www.redbus.in/bus-tickets/gopalganj-to-delhi,Travel Point World LLP,A/C Seater / Sleeper (2+2),Banjari mod by pass gopalganj...,20:20,Anand Vihar,10:50,14h 30m,1899,38 Seats available,2.2
Bihar,Gopalganj (Bihar) To Delhi,https://www.redbus.in/bus-tickets/gopalganj-to-delhi,Baba Khatushyam Travels Pvt Ltd,A/C Seater / Sleeper (3+1),BANJARI MORE,19:00,Badarpur BODER,11:49,16h 49m,1199,58 Seats available,2.2
Bihar,Gopalganj (Bihar) To Delhi,https://www.redbus.in/bus-tickets/gopalganj-to-delhi,Singh Express Bus Service,A/C Seater / Sleeper (2+2),Gopalganj,15:00,Anand Vihar,10:00,19h 00m,1599,20 Seats available,2.2
Bihar,Gopalganj (Bihar) To Delhi,https://www.redbus.in/bus-tickets/gopalganj-to-delhi,Armaan Tour & Travels,A/C Seater / Sleeper (2+1),Gopalganj Bus Stand,16:50,Redfort Metro Station,13:00,20h 10m,1439,48 Seats available,2.2
Bihar,Gopalganj (Bihar) To Delhi,https://www.redbus.in/bus-tickets/gopalganj-to-delhi,Panwar tour and Travels,A/C Seater / Sleeper (2+1),"Banjari Mod, Gopalganj",15:40,Anand Vihar,08:30,16h 50m,1499,37 Seats available,2.2
Bihar,Gopalganj (Bihar) To Delhi,https://www.redbus.in/bus-tickets/gopalganj-to-delhi,New Travel India,A/C Seater / Sleeper (2+1),Gopalganj Bypass,17:30,Anand Vihar,09:00,15h 30m,2499,16 Seats available,2.2
Bihar,Gopalganj (Bihar) To Delhi,https://www.redbus.in/bus-tickets/gopalganj-to-delhi,New Travel India,A/C Seater / Sleeper (2+1),Gopalganj Bypass,18:05,Anand Vihar,08:00,13h 55m,2499,14 Seats available,2.2
Bihar,Gopalganj (Bihar) To Delhi,https://www.redbus.in/bus-tickets/gopalganj-to-delhi,New Travel India,A/C Seater / Sleeper (2+1),Gopalganj Bypass,17:40,Anand Vihar,08:30,14h 50m,2499,14 Seats available,2.2
Bihar,Gopalganj (Bihar) To Delhi,https://www.redbus.in/bus-tickets/gopalganj-to-delhi,New Travel India,A/C Seater / Sleeper (2+1),Gopalganj Bypass,17:35,Anand Vihar,08:30,14h 55m,2499,14 Seats available,2.2
Bihar,Gopalganj (Bihar) To Delhi,https://www.redbus.in/bus-tickets/gopalganj-to-delhi,New Travel India,A/C Seater / Sleeper (2+1),Gopalganj Bypass,18:15,Anand Vihar,08:10,13h 55m,2499,30 Seats available,2.2
Bihar,Gopalganj (Bihar) To Delhi,https://www.redbus.in/bus-tickets/gopalganj-to-delhi,New Travel India,A/C Seater / Sleeper (2+1),Gopalganj Bypass,18:15,Anand Vihar,08:00,13h 45m,2499,14 Seats available,2.2
Bihar,Gopalganj (Bihar) To Delhi,https://www.redbus.in/bus-tickets/gopalganj-to-delhi,Shree Balajee Travels And Cargo,A/C Seater / Sleeper (2+2),Gopalganj,20:00,Delhi,14:30,18h 30m,1899,72 Seats available,2.2
Bihar,Gopalganj (Bihar) To Delhi,https://www.redbus.in/bus-tickets/gopalganj-to-delhi,Rajdhani Express,A/C Seater / Sleeper (2+2),Gopalganj,16:00,Anand Vihar,09:00,17h 00m,1499,21 Seats available,2.2
Bihar,Patna To Motihari,https://www.redbus.in/bus-tickets/patna-to-motihari,Saurabh Travels,A/C Seater Push Back (2+2),Patliputra Bairiya ISBT,10:30,Main Bus Stand,14:00,03h 30m,350,42 Seats available,1.0
Bihar,Patna To Motihari,https://www.redbus.in/bus-tickets/patna-to-motihari,Siddhi Vinayak (BSRTC U/T),Non AC Seater (2+2),Patliputra Bairiya ISBT,12:15,Motihari bus stand,16:15,04h 00m,220,35 Seats available,1.0
Bihar,Patna To Motihari,https://www.redbus.in/bus-tickets/patna-to-motihari,Ramna Travels,NON A/C Seater (2+2),Gandhi Maidan,12:45,Main Bus Stand,16:00,03h 15m,222,8 Seats available,1.0
Bihar,Patna To Motihari,https://www.redbus.in/bus-tickets/patna-to-motihari,Siddhi Vinayak (BSRTC U/T),Non AC Seater (2+2),Patliputra Bairiya ISBT,15:30,Motihari bus stand,19:30,04h 00m,220,35 Seats available,1.0
Bihar,Patna To Motihari,https://www.redbus.in/bus-tickets/patna-to-motihari,Jai Mata Di,AC Seater (2+2),Patliputra Bairiya ISBT,17:00,Motihari,21:10,04h 10m,350,41 Seats available,1.0
Bihar,Patna To Motihari,https://www.redbus.in/bus-tickets/patna-to-motihari,Jai Mata Di,AC Seater (2+2),Patliputra Bairiya ISBT,17:10,Motihari,21:30,04h 20m,350,41 Seats available,1.0
Bihar,Patna To Motihari,https://www.redbus.in/bus-tickets/patna-to-motihari,Jai Hanuman Travels,A/C Seater / Sleeper (2+2),Gandhi Maidan bsrtc bus depo,09:30,motihari,14:00,04h 30m,450,60 Seats available,1.0
Bihar,Patna To Motihari,https://www.redbus.in/bus-tickets/patna-to-motihari,Jai Hanuman Travels,A/C Seater / Sleeper (2+2),Gandhi Maidan bsrtc bus depo,22:00,motihari,04:00,06h 00m,550,54 Seats available,1.0
Bihar,Patna To Motihari,https://www.redbus.in/bus-tickets/patna-to-motihari,Jai Hanuman Travels,A/C Seater / Sleeper (2+2),Gandhi Maidan bsrtc bus depo,22:20,motihari,03:15,04h 55m,550,54 Seats available,1.0
Bihar,Patna To Motihari,https://www.redbus.in/bus-tickets/patna-to-motihari,Panwar Travels,A/C Sleeper (2+1),Panwar Travels Patna New Bus ...,10:04,"Pipra Kothi Chowk , Mohhamadp...",15:40,05h 36m,2800,26 Seats available,1.0
Bihar,Patna To Motihari,https://www.redbus.in/bus-tickets/patna-to-motihari,Jai Mata Di Tour and Travels,A/C Seater / Sleeper (2+2),Patna new bairiya bus stand,13:53,Motihari,19:20,05h 27m,400,12 Seats available,1.0
Bihar,Patna To Motihari,https://www.redbus.in/bus-tickets/patna-to-motihari,Shree Balajee Travels And Cargo,A/C Seater / Sleeper (2+2),Zero Mile,19:20,PIPRA KHOTI FLY OVER,22:50,03h 30m,799,72 Seats available,1.0
Bihar,Patna To Motihari,https://www.redbus.in/bus-tickets/patna-to-motihari,Jai Mata Di Tour and Travels,A/C Seater / Sleeper (2+2),Patna,20:28,Motihari,23:30,03h 02m,500,6 Seats available,1.0
Bihar,Patna To Motihari,https://www.redbus.in/bus-tickets/patna-to-motihari,Sri Krishna Rath,A/C Seater / Sleeper (2+2),SRI KRISHNA RATH OFFICE ZERO ...,21:00,Motihari,00:00,03h 00m,1169,24 Seats available,1.0
Bihar,Delhi To Motihari,https://www.redbus.in/bus-tickets/delhi-to-motihari,Rajdhani Express,A/C Seater / Sleeper (2+2),Anand Vihar,15:50,CHHATAUNI BUS STAND,10:00,18h 10m,1999,28 Seats available,1.1
Bihar,Delhi To Motihari,https://www.redbus.in/bus-tickets/delhi-to-motihari,Travel Point World LLP,A/C Seater / Sleeper (2+2),Anand Vihar,14:30,Mothihari by pass,07:00,16h 30m,1614,46 Seats available,1.1
Bihar,Delhi To Motihari,https://www.redbus.in/bus-tickets/delhi-to-motihari,Travel Point World LLP,A/C Seater / Sleeper (2+2),Anand Vihar,16:00,Mothihari by pass,08:01,16h 01m,1699,46 Seats available,1.1
Bihar,Bettiah To Patna,https://www.redbus.in/bus-tickets/bettiah-to-patna,V.I.P Travels,A/C Seater / Sleeper (2+2),Betiah Bus Stand,10:10,Bus Stand,16:10,06h 00m,350,61 Seats available,3.0
Bihar,Bettiah To Patna,https://www.redbus.in/bus-tickets/bettiah-to-patna,Vivek Travels,A/C Seater (2+2),Betiah Bus Stand,06:30,Patliputra Bairiya ISBT,13:00,06h 30m,400,45 Seats available,3.0
Bihar,Bettiah To Patna,https://www.redbus.in/bus-tickets/bettiah-to-patna,Vivek Travels,A/C Seater / Sleeper (2+2),Betiah Bus Stand,06:45,Patliputra Bairiya ISBT,13:46,07h 01m,400,72 Seats available,3.0
Bihar,Bettiah To Patna,https://www.redbus.in/bus-tickets/bettiah-to-patna,Saurabh Travels,A/C Seater Push Back (2+2),Betiah Bus Stand,09:13,Patliputra Bairiya ISBT,16:00,06h 47m,450,42 Seats available,3.0
Bihar,Bettiah To Patna,https://www.redbus.in/bus-tickets/bettiah-to-patna,Jai Hanuman Travels,A/C Seater / Sleeper (2+2),Betiah Bus Stand,09:55,Gandhi Maidan bsrtc bus depo,16:50,06h 55m,500,54 Seats available,3.0
Bihar,Bettiah To Patna,https://www.redbus.in/bus-tickets/bettiah-to-patna,Jai Mata Di,AC Seater (2+2),Betiah Bus Stand,12:30,Patliputra Bairiya ISBT,16:40,04h 10m,450,41 Seats available,3.0
Bihar,Bettiah To Patna,https://www.redbus.in/bus-tickets/bettiah-to-patna,Jai Mata Di,AC Seater (2+2),Betiah Bus Stand,12:39,Patliputra Bairiya ISBT,16:45,04h 06m,450,41 Seats available,3.0
Bihar,Bettiah To Patna,https://www.redbus.in/bus-tickets/bettiah-to-patna,Jai Mata Di,AC Seater (2+2),Betiah Bus Stand,12:41,Patliputra Bairiya ISBT,16:52,04h 11m,450,41 Seats available,3.0
Bihar,Bettiah To Patna,https://www.redbus.in/bus-tickets/bettiah-to-patna,Jai Mata Di,AC Seater (2+2),Betiah Bus Stand,12:44,Patliputra Bairiya ISBT,16:50,04h 06m,450,41 Seats available,3.0
Bihar,Bettiah To Patna,https://www.redbus.in/bus-tickets/bettiah-to-patna,Vivek Travels,A/C Seater / Sleeper (2+1),Betiah Bus Stand,13:15,Patliputra Bairiya ISBT,20:30,07h 15m,450,54 Seats available,3.0
Bihar,Bettiah To Patna,https://www.redbus.in/bus-tickets/bettiah-to-patna,Saurabh Travels,A/C Seater Push Back (2+2),Betiah Bus Stand,15:00,Patliputra Bairiya ISBT,08:45,17h 45m,450,42 Seats available,3.0
Bihar,Bettiah To Patna,https://www.redbus.in/bus-tickets/bettiah-to-patna,Saurabh Travels,A/C Seater Push Back (2+2),Betiah Bus Stand,15:00,Patliputra Bairiya ISBT,21:00,06h 00m,450,42 Seats available,3.0
Bihar,Bettiah To Patna,https://www.redbus.in/bus-tickets/bettiah-to-patna,Saurabh Travels,A/C Seater Push Back (2+2),Betiah Bus Stand,15:15,Patliputra Bairiya ISBT,21:20,06h 05m,450,42 Seats available,3.0
Bihar,Bettiah To Patna,https://www.redbus.in/bus-tickets/bettiah-to-patna,Saurabh Travels,A/C Seater Push Back (2+2),Betiah Bus Stand,15:21,Patliputra Bairiya ISBT,21:45,06h 24m,450,42 Seats available,3.0
Bihar,Bettiah To Patna,https://www.redbus.in/bus-tickets/bettiah-to-patna,Saurabh Travels,A/C Seater Push Back (2+2),Betiah Bus Stand,15:30,Patliputra Bairiya ISBT,22:15,06h 45m,450,42 Seats available,3.0
Bihar,Bettiah To Patna,https://www.redbus.in/bus-tickets/bettiah-to-patna,Saurabh Travels,A/C Seater Push Back (2+2),Betiah Bus Stand,15:37,Patliputra Bairiya ISBT,22:15,06h 38m,450,42 Seats available,3.0
Bihar,Bettiah To Patna,https://www.redbus.in/bus-tickets/bettiah-to-patna,Jai Hanuman Travels,A/C Seater / Sleeper (2+2),Betiah Bus Stand,21:55,Gandhi Maidan bsrtc bus depo,05:31,07h 36m,550,40 Seats available,3.0
Bihar,Bettiah To Patna,https://www.redbus.in/bus-tickets/bettiah-to-patna,Jai Mata Di Tour and Travels,A/C Seater / Sleeper (2+2),Bettiah Bus Stand,22:00,Patna,05:00,07h 00m,500,9 Seats available,3.0
Bihar,Motihari To Delhi,https://www.redbus.in/bus-tickets/motihari-to-delhi,Travel Point World LLP,A/C Seater / Sleeper (2+2),Motihari bus stand,18:20,Anand Vihar,10:50,16h 30m,1899,38 Seats available,1.7
Bihar,Motihari To Delhi,https://www.redbus.in/bus-tickets/motihari-to-delhi,Rajdhani Express,A/C Seater / Sleeper (2+2),CHHATAUNI BUS STAND,15:00,Anand Vihar,09:00,18h 00m,1499,21 Seats available,1.7
Bihar,Motihari To Delhi,https://www.redbus.in/bus-tickets/motihari-to-delhi,Baba Khatushyam Travels Pvt Ltd,A/C Seater / Sleeper (3+1),PIPRA KHOTHI BYPASS,17:35,Badarpur BODER,11:49,18h 14m,1199,58 Seats available,1.7
Bihar,Patna To Balmiki Nagar (b...,https://www.redbus.in/bus-tickets/patna-to-balmiki-nagar-bihar,Bihar state road transport corporation (BSRTC) - 147264,AC Seater (2+2),Gandhi Maidan,06:30,Government Bus Stand,15:30,09h 00m,428,40 Seats available,4.0
Bihar,Patna To Balmiki Nagar (b...,https://www.redbus.in/bus-tickets/patna-to-balmiki-nagar-bihar,Jai Mata Di Tour and Travels,A/C Seater / Sleeper (2+2),Patna,20:28,Balmiki Nagar,06:00,09h 32m,500,6 Seats available,4.0
Bihar,Patna To Balmiki Nagar (b...,https://www.redbus.in/bus-tickets/patna-to-balmiki-nagar-bihar,Jai Mata Di Tour and Travels,A/C Seater / Sleeper (2+2),Patna new bairiya bus stand,22:40,Balmiki Nagar,07:00,08h 20m,450,28 Seats available,4.0
Bihar,Balmiki Nagar (b... To Patna,https://www.redbus.in/bus-tickets/balmiki-nagar-bihar-to-patna,Bihar state road transport corporation (BSRTC) - 146214,AC Seater (2+2),Government Bus Stand,06:00,Gandhi Maidan,16:00,10h 00m,428,27 Seats available,3.8
Bihar,Balmiki Nagar (b... To Patna,https://www.redbus.in/bus-tickets/balmiki-nagar-bihar-to-patna,Jai Mata Di Tour and Travels,A/C Seater / Sleeper (2+2),Balmiki Nagar,18:30,Patna,05:00,10h 30m,500,9 Seats available,3.8
Bihar,Patna To Kathmandu,https://www.redbus.in/bus-tickets/patna-to-kathmandu,Bihar state road transport corporation (BSRTC) - 166033,A/C Seater Hi-Tech Push Back (2+2),Gandhi Maidan,13:30,Swoyambhu,06:15,16h 45m,1015,41 Seats available,2.7
Bihar,Patna To Kathmandu,https://www.redbus.in/bus-tickets/patna-to-kathmandu,V.I.P Travels,A/C Seater Hi-Tech Push Back (2+2),Meethapur Bus Stand,13:15,Karkhana Chowk,05:30,16h 15m,1040,34 Seats available,2.7
Bihar,Patna To Katihar,https://www.redbus.in/bus-tickets/patna-to-katihar,Bihar state road transport corporation (BSRTC) - 142847,AC Seater (2+2),Gandhi Maidan,21:25,Katihar Bus Stand,06:30,09h 05m,468,36 Seats available,3.4
Bihar,Patna To Katihar,https://www.redbus.in/bus-tickets/patna-to-katihar,SOBHA TRAVELS (A.T),A/C Seater / Sleeper (2+1),Patliputra Bairiya ISBT,20:40,Bus Stand,05:00,08h 20m,600,28 Seats available,3.4
Bihar,Patna To Katihar,https://www.redbus.in/bus-tickets/patna-to-katihar,Sri Krishna Rath,A/C Seater / Sleeper (2+2),Patliputra ISBT,20:30,Katihar,05:35,09h 05m,809,28 Seats available,3.4
Bihar,Patna To Purnea,https://www.redbus.in/bus-tickets/patna-to-purnea,Bihar state road transport corporation (BSRTC) - 142847,AC Seater (2+2),Gandhi Maidan,21:25,Busstand,05:40,08h 15m,468,36 Seats available,3.9
Bihar,Patna To Purnea,https://www.redbus.in/bus-tickets/patna-to-purnea,Aitiana Airwings,Benz A/C Sleeper (2+1),Bairiya (Patna (Bihar)),21:00,Purnea (Purnea),06:00,09h 00m,650,21 Seats available,3.9
Bihar,Patna To Purnea,https://www.redbus.in/bus-tickets/patna-to-purnea,MAA SHANTI TRAVELS,A/C Seater / Sleeper (2+1),GANDHI MAIDAN (MAA SHANTI OFF...,21:25,Purnea Bus Stand,06:20,08h 55m,540,34 Seats available,3.9
Bihar,Patna To Purnea,https://www.redbus.in/bus-tickets/patna-to-purnea,MAA SHANTI TRAVELS,A/C Seater / Sleeper (2+1),GANDHI MAIDAN (MAA SHANTI OFF...,22:10,Purnea Bus Stand,06:35,08h 25m,585,28 Seats available,3.9
Bihar,Patna To Purnea,https://www.redbus.in/bus-tickets/patna-to-purnea,AITIANA CRUISELINERS,A/C Seater / Sleeper (2+1),Zero Mile,21:15,Purnea,06:15,09h 00m,500,15 Seats available,3.9
Bihar,Patna To Purnea,https://www.redbus.in/bus-tickets/patna-to-purnea,AITIANA CRUISELINERS,Bharat Benz A/C Seater /Sleeper (2+1),Patliputra Bairiya ISBT,20:20,PURNEA MAIN BUS STAND,05:30,09h 10m,500,14 Seats available,3.9
Bihar,Patna To Purnea,https://www.redbus.in/bus-tickets/patna-to-purnea,Divya Rath,A/C Sleeper (2+1),"ADITYA VISION ,ZEROMILE PAHARI",20:45,PURNEA ZERO MILE,05:45,09h 00m,618,33 Seats available,3.9
Bihar,Patna To Purnea,https://www.redbus.in/bus-tickets/patna-to-purnea,MAA KAMAKHYA DREAMLINER,A/C Seater / Sleeper (2+1),Patliputra Bairiya ISBT,20:40,Bus Stand,05:00,08h 20m,550,30 Seats available,3.9
Bihar,Patna To Purnea,https://www.redbus.in/bus-tickets/patna-to-purnea,Sadhvi Rath,A/C Seater / Sleeper (2+1),"Partiputra Bus Terminal ,ISBT (P",20:20,Purnia Bus Stand,06:20,10h 00m,495,48 Seats available,3.9
Bihar,Patna To Purnea,https://www.redbus.in/bus-tickets/patna-to-purnea,Hawa Hawai,A/C Seater / Sleeper (2+1),Gandhi Maidan,20:00,Bus Stand,05:00,09h 00m,618,42 Seats available,3.9
Bihar,Patna To Purnea,https://www.redbus.in/bus-tickets/patna-to-purnea,Raj Bus Services,A/C Seater / Sleeper (2+1),Patliputra ISBT (Patna (Bihar)),19:25,Purnea Zero Mile (Purnea),05:05,09h 40m,463,27 Seats available,3.9
Bihar,Patna To Purnea,https://www.redbus.in/bus-tickets/patna-to-purnea,Raj Bus Services,Bharat Benz A/C Seater /Sleeper (2+1),Patliputra ISBT (Patna (Bihar,18:25,Purnea Zero Mile (Purnea,03:35,09h 10m,463,23 Seats available,3.9
Bihar,Patna To Purnea,https://www.redbus.in/bus-tickets/patna-to-purnea,Raj Bus Services,Bharat Benz A/C Seater /Sleeper (2+1),Patliputra ISBT (Patna (Bihar)),20:35,Purnea Zero Mile (Purnea),05:35,09h 00m,463,20 Seats available,3.9
Bihar,Patna To Purnea,https://www.redbus.in/bus-tickets/patna-to-purnea,Sri Krishna Tours and Travels,A/C Seater / Sleeper (2+1),"Agam Kuan, Patna",20:25,PURNIA ZERO MILE GULABBAGH,05:15,08h 50m,618,26 Seats available,3.9
Bihar,Patna To Purnea,https://www.redbus.in/bus-tickets/patna-to-purnea,Raj Bus Services,A/C Seater / Sleeper (2+2),Patliputra ISBT (Patna (Bihar,16:06,Purnea Zero Mile (Purnea,03:35,11h 29m,555,58 Seats available,3.9
Bihar,Patna To Purnea,https://www.redbus.in/bus-tickets/patna-to-purnea,Raj Bus Services,A/C Seater / Sleeper (2+1),Patliputra ISBT (Patna (Bihar,16:55,Purnea Zero Mile (Purnea,03:05,10h 10m,463,24 Seats available,3.9
Bihar,Patna To Purnea,https://www.redbus.in/bus-tickets/patna-to-purnea,Maa Satyabhama Rath,A/C Seater / Sleeper (2+1),"GHANDHI MAIDAN,BAKIPUR BUS STOP",21:00,Purnea,06:00,09h 00m,555,45 Seats available,3.9
Bihar,Patna To Purnea,https://www.redbus.in/bus-tickets/patna-to-purnea,Shri Sai Krishna Luxury,A/C Seater / Sleeper (2+1),Gandhi Maidan,21:15,Purnea,06:15,09h 00m,600,51 Seats available,3.9
Bihar,Patna To Purnea,https://www.redbus.in/bus-tickets/patna-to-purnea,Shatabdi Travels,A/C Seater / Sleeper (2+1),New Bairiya bus stand,20:45,Purnea GOVERNMENT BUS STAND,06:00,09h 15m,600,42 Seats available,3.9
Bihar,Patna To Purnea,https://www.redbus.in/bus-tickets/patna-to-purnea,Sri Krishna Tours and Travels,A/C Seater / Sleeper (2+2),Rajendra Nagar,20:30,"Goverment Bus Stand,Purnia",05:20,08h 50m,570,42 Seats available,3.9
Bihar,Patna To Purnea,https://www.redbus.in/bus-tickets/patna-to-purnea,Aarush Krrish,A/C Seater / Sleeper (2+1),Patliputra Bus Terminal,21:00,Bus Stand,06:00,09h 00m,600,46 Seats available,3.9
Bihar,Patna To Purnea,https://www.redbus.in/bus-tickets/patna-to-purnea,Shree Sai Krishna Luxury,A/C Seater / Sleeper (2+1),Gandhi Maidan,20:15,Sarkari Bus Stand,06:15,10h 00m,700,42 Seats available,3.9
Bihar,Patna To Purnea,https://www.redbus.in/bus-tickets/patna-to-purnea,Shivam Travels,NON A/C Seater / Sleeper (2+2),Patna New ISBT Patna Shivam FGM,21:00,Purnea Bus Stand,06:30,09h 30m,450,40 Seats available,3.9
Bihar,Patna To Purnea,https://www.redbus.in/bus-tickets/patna-to-purnea,Shatabdi Travels,A/C Seater / Sleeper (2+1),Ghandi Maidan.P,21:55,Purnea GOVERNMENT BUS STAND,06:55,09h 00m,600,54 Seats available,3.9
Bihar,Patna To Purnea,https://www.redbus.in/bus-tickets/patna-to-purnea,Sameer Travels (GT),A/C Seater / Sleeper (2+2),BARAIYA ZERO MILE,16:30,amrapali hotel near bus stand,02:30,10h 00m,650,16 Seats available,3.9
Bihar,Patna To Purnea,https://www.redbus.in/bus-tickets/patna-to-purnea,Raj Rath,A/C Seater / Sleeper (2+2),Patliputra Bairiya ISBT,20:30,Bus Stand,05:15,08h 45m,500,4 Seats available,3.9
Bihar,Patna To Purnea,https://www.redbus.in/bus-tickets/patna-to-purnea,Sri Krishna Rath,A/C Seater / Sleeper (2+2),Patliputra ISBT,20:30,BAISI,05:45,09h 15m,809,28 Seats available,3.9
Bihar,Patna To Purnea,https://www.redbus.in/bus-tickets/patna-to-purnea,Sri Krishna Rath,A/C Seater / Sleeper (2+2),SRI KRISHNA RATH OFFICE ZERO ...,21:00,Purnea Zero Mile,06:00,09h 00m,476,62 Seats available,3.9
Bihar,Patna To Purnea,https://www.redbus.in/bus-tickets/patna-to-purnea,Jay Jagdambay Tour And Travels,A/C Seater / Sleeper (2+1),BAIRIYA BUS STAND(ISBT PATNA),17:00,Purnea bus stand,02:30,09h 30m,700,14 Seats available,3.9
Bihar,Patna To Purnea,https://www.redbus.in/bus-tickets/patna-to-purnea,Sree Balaji Travels,A/C Seater / Sleeper (2+1),Patliputra Bairiya ISBT,20:15,Purnea,05:00,08h 45m,550,49 Seats available,3.9
Bihar,Patna To Hazaribagh,https://www.redbus.in/bus-tickets/patna-to-hazaribagh,Bihar state road transport corporation (BSRTC) - 153594,AC Seater (2+2),Gandhi Maidan,20:41,Hazaribagh Bus Stand-Muz,04:00,07h 19m,396,35 Seats available,2.7
Bihar,Patna To Hazaribagh,https://www.redbus.in/bus-tickets/patna-to-hazaribagh,Rajdhani bus service,Non A/C Seater / Sleeper (2+1),Zero Mile Singh Petrol Pump N...,18:30,Nagwan Toll Plaza,01:30,07h 00m,523,24 Seats available,2.7
Bihar,Patna To Hazaribagh,https://www.redbus.in/bus-tickets/patna-to-hazaribagh,Rekha Luxury,A/C Seater / Sleeper (2+1),Patliputra ISBT Pahari,20:00,Hazaribagh Bus Stand,04:00,08h 00m,537,42 Seats available,2.7
Bihar,Patna To Hazaribagh,https://www.redbus.in/bus-tickets/patna-to-hazaribagh,Arzoo Travels,A/C Seater / Sleeper (2+1),Methapur over bridge,20:30,Hazaribagh Bus Stand,02:30,06h 00m,500,45 Seats available,2.7
Bihar,Patna To Hazaribagh,https://www.redbus.in/bus-tickets/patna-to-hazaribagh,Arzoo Travels,Bharat Benz A/C Seater /Sleeper (2+1),New patliputra bus stand bairiya,20:45,Hazaribagh Bus Stand,03:30,06h 45m,481,42 Seats available,2.7
Bihar,Patna To Hazaribagh,https://www.redbus.in/bus-tickets/patna-to-hazaribagh,Sri Sai ( Jharkhand Paryatak),A/C Seater / Sleeper (2+1),meethapur bus stand,21:00,Hazaribagh Bus Stand,04:30,07h 30m,456,18 Seats available,2.7
Bihar,Patna To Hazaribagh,https://www.redbus.in/bus-tickets/patna-to-hazaribagh,MAA SHANTI TRAVELS,A/C Seater/Sleeper (2+1),GANDHI MAIDAN (MAA SHANTI OFF...,21:25,HAZARIBAGH OLD BUS STAND,04:20,06h 55m,540,56 Seats available,2.7
Bihar,Patna To Hazaribagh,https://www.redbus.in/bus-tickets/patna-to-hazaribagh,Rajshri Travels,Non A/C Seater / Sleeper (2+1),Patna Bairiya Bus Stand,22:00,Hazaribagh,05:00,07h 00m,499,47 Seats available,2.7
Bihar,Patna To Hazaribagh,https://www.redbus.in/bus-tickets/patna-to-hazaribagh,Bhawani Travels,NON A/C Seater Push Back (2+2),Patliputra Bairiya ISBT,13:25,Bus Stand,21:15,07h 50m,449,40 Seats available,2.7
Bihar,Patna To Hazaribagh,https://www.redbus.in/bus-tickets/patna-to-hazaribagh,Maharani Transport,A/C Seater / Sleeper (2+2),Patliputra Bairiya ISBT,16:15,Hazaribagh Bus Stand,02:00,09h 45m,555,6 Seats available,2.7
Bihar,Patna To Hazaribagh,https://www.redbus.in/bus-tickets/patna-to-hazaribagh,Maharani Express,A/C Seater / Sleeper (2+2),Patliputra Bairiya ISBT,18:00,DISTRICT MORE BUS STAND,01:45,07h 45m,450,26 Seats available,2.7
Bihar,Patna To Hazaribagh,https://www.redbus.in/bus-tickets/patna-to-hazaribagh,Sadhvi Rath,A/C Seater / Sleeper (2+1),"Partiputra Bus Terminal ,ISBT...",20:40,Hazaribagh Bus Stand,02:40,06h 00m,540,48 Seats available,2.7
Bihar,Patna To Hazaribagh,https://www.redbus.in/bus-tickets/patna-to-hazaribagh,Mahuli Travels,A/C Seater/Sleeper (2+1),Patna Bairiya Bus Stand,21:00,Hazaribagh Bus Stand,04:00,07h 00m,550,47 Seats available,2.7
Bihar,Patna To Hazaribagh,https://www.redbus.in/bus-tickets/patna-to-hazaribagh,Puja Rath,A/C Seater / Sleeper (2+1),Patliputra Bairiya ISBT,21:00,Hazaribagh,03:30,06h 30m,600,45 Seats available,2.7
Bihar,Patna To Hazaribagh,https://www.redbus.in/bus-tickets/patna-to-hazaribagh,Sri Krishna Rath,A/C Seater / Sleeper (2+1),Patliputra ISBT,21:00,Hazaribagh Bus Stand,05:00,08h 00m,450,56 Seats available,2.7
Bihar,Patna To Hazaribagh,https://www.redbus.in/bus-tickets/patna-to-hazaribagh,KRISHNA RATH LUXURY,A/C Seater / Sleeper (2+1),Meethapur bus stand Patna,21:00,Hazaribagh Bus Stand,03:00,06h 00m,550,36 Seats available,2.7
Bihar,Patna To Hazaribagh,https://www.redbus.in/bus-tickets/patna-to-hazaribagh,Sri Krishna Rath,A/C Seater / Sleeper (2+2),SRI KRISHNA RATH OFFICE ZERO ...,21:15,HAZARIBAGH BYPASS,03:30,06h 15m,450,26 Seats available,2.7
Bihar,Patna To Hazaribagh,https://www.redbus.in/bus-tickets/patna-to-hazaribagh,Sri Krishna Rath,A/C Seater / Sleeper (2+2),SRI KRISHNA RATH OFFICE ZERO ...,21:15,HAZARIBAGH BYPASS,03:30,06h 15m,450,20 Seats available,2.7
Bihar,Patna To Hazaribagh,https://www.redbus.in/bus-tickets/patna-to-hazaribagh,Chandralok Travels,A/C Seater / Sleeper (2+1),Patliputra ISBT,21:20,Bypass,04:30,07h 10m,600,48 Seats available,2.7
Bihar,Patna To Hazaribagh,https://www.redbus.in/bus-tickets/patna-to-hazaribagh,Divya Rath,A/C Sleeper (2+1),"ADITYA VISION ,ZEROMILE PAHARI",20:15,Hazaribagh,03:00,06h 45m,855,33 Seats available,2.7
Bihar,Patna To Hazaribagh,https://www.redbus.in/bus-tickets/patna-to-hazaribagh,MAA SHANTI TRAVELS,A/C Seater / Sleeper (2+1),GANDHI MAIDAN (MAA SHANTI OFF...,20:27,Hazaribagh Bye Pass,03:15,06h 48m,720,41 Seats available,2.7
Bihar,Patna To Hazaribagh,https://www.redbus.in/bus-tickets/patna-to-hazaribagh,Pappu Travels (yvts),A/C Seater/Sleeper (2+1),Patna Pahari,21:30,Hazaribagh,03:30,06h 00m,800,10 Seats available,2.7
Bihar,Patna To Hazaribagh,https://www.redbus.in/bus-tickets/patna-to-hazaribagh,Tejas Maa Bhawani,A/C Sleeper (2+1),Zero Mile (Agam Kuaa),21:30,Bypass,04:00,06h 30m,900,5 Seats available,2.7
Bihar,Ranchi To Patna,https://www.redbus.in/bus-tickets/ranchi-to-patna,Bihar state road transport corporation (BSRTC) - 153614,AC Seater (2+2),Ranchi Govt Bus Stand-Muz,20:55,Gandhi Maidan,05:30,08h 35m,500,33 Seats available,3.7
Bihar,Ranchi To Patna,https://www.redbus.in/bus-tickets/ranchi-to-patna,Rekha Luxury,A/C Seater / Sleeper (2+1),Dhurwa bus stand,20:30,Patliputra ISBT Pahari,06:00,09h 30m,537,22 Seats available,3.7
Bihar,Ranchi To Patna,https://www.redbus.in/bus-tickets/ranchi-to-patna,MAA SHANTI TRAVELS,A/C Seater/Sleeper (2+1),Patel Chowk,21:00,GANDHI MAIDAN (MAA SHANTI OFF...,06:35,09h 35m,540,36 Seats available,3.7
Bihar,Ranchi To Patna,https://www.redbus.in/bus-tickets/ranchi-to-patna,MAA SHANTI TRAVELS,A/C Seater / Sleeper (2+1),Kanta Toli Chowk,22:20,Rajendra Nagar Terminal,05:55,07h 35m,630,35 Seats available,3.7
Bihar,Ranchi To Patna,https://www.redbus.in/bus-tickets/ranchi-to-patna,Mahuli Travels,A/C Seater/Sleeper (2+1),Khadgada Bus Stand,21:15,Mithapur Bus Stand,06:15,09h 00m,550,47 Seats available,3.7
Bihar,Ranchi To Patna,https://www.redbus.in/bus-tickets/ranchi-to-patna,Rajdhani bus service,A/C Sleeper (2+1),Booti More,23:00,Zero Mile Singh Petrol Pump N...,05:50,06h 50m,739,18 Seats available,3.7
Bihar,Ranchi To Patna,https://www.redbus.in/bus-tickets/ranchi-to-patna,Sri Sai ( Jharkhand Paryatak),A/C Seater / Sleeper (2+1),Ranchi Overbridge near Ranchi...,21:15,meethapur bus stand,06:00,08h 45m,494,14 Seats available,3.7
Bihar,Ranchi To Patna,https://www.redbus.in/bus-tickets/ranchi-to-patna,VIJAY RATH,A/C Seater / Sleeper (2+1),Kanta Toli Chowk,22:00,Zero Mile,06:10,08h 10m,680,34 Seats available,3.7
Bihar,Ranchi To Patna,https://www.redbus.in/bus-tickets/ranchi-to-patna,Maharani Express,A/C Seater / Sleeper (2+2),Kanta Toli Chowk,23:35,Patliputra Bairiya ISBT,08:00,08h 25m,540,32 Seats available,3.7
Bihar,Ranchi To Patna,https://www.redbus.in/bus-tickets/ranchi-to-patna,Puja Rath,A/C Seater / Sleeper (2+1),Kanta Toli Bus Stand,20:30,Patliputra Bairiya ISBT,05:30,09h 00m,600,45 Seats available,3.7
Bihar,Ranchi To Patna,https://www.redbus.in/bus-tickets/ranchi-to-patna,Sadhvi Rath,A/C Seater / Sleeper (2+1),Khadgara Bus Stand,20:30,"Partiputra Bus Terminal ,ISBT...",05:30,09h 00m,540,48 Seats available,3.7
Bihar,Ranchi To Patna,https://www.redbus.in/bus-tickets/ranchi-to-patna,Arzoo Travels,A/C Seater / Sleeper (2+1),Hotel Ashoka near High court ...,21:00,Methapur over bridge,05:00,08h 00m,500,28 Seats available,3.7
Bihar,Ranchi To Patna,https://www.redbus.in/bus-tickets/ranchi-to-patna,Rajdhani bus service,Non A/C Seater / Sleeper (2+1),KANTATOLI CHOWK,21:40,Zero Mile Singh Petrol Pump N...,05:00,07h 20m,570,33 Seats available,3.7
Bihar,Ranchi To Patna,https://www.redbus.in/bus-tickets/ranchi-to-patna,Pihu Enterprises Private Limited,A/C Seater / Sleeper (2+1),Ranchi khadgara bus stand,22:10,Patliputra Bairiya ISBT,08:10,10h 00m,675,7 Seats available,3.7
Bihar,Ranchi To Patna,https://www.redbus.in/bus-tickets/ranchi-to-patna,Divya Rath,A/C Sleeper (2+1),Kata Toli More,22:10,Agamkuan more,05:30,07h 20m,855,38 Seats available,3.7
Bihar,Ranchi To Patna,https://www.redbus.in/bus-tickets/ranchi-to-patna,Chandralok Travels,A/C Seater / Sleeper (2+1),Bus Stand,21:35,Patliputra ISBT,06:30,08h 55m,499,50 Seats available,3.7
Bihar,Ranchi To Patna,https://www.redbus.in/bus-tickets/ranchi-to-patna,Maharani Transport,A/C Seater / Sleeper (2+2),Ratu Road,21:30,Patliputra Bairiya ISBT,07:00,09h 30m,648,8 Seats available,3.7
Bihar,Ranchi To Patna,https://www.redbus.in/bus-tickets/ranchi-to-patna,JGD Travels Pvt Ltd.,Bharat Benz A/C Sleeper (2+1),Bus Stand,20:35,Patna Pahari,04:00,07h 25m,1000,35 Seats available,3.7
Bihar,Ranchi To Patna,https://www.redbus.in/bus-tickets/ranchi-to-patna,Tejas Maa Bhawani,A/C Seater / Sleeper (2+2),Khadgara Bus Stand,18:15,Zero Mile,04:01,09h 46m,800,26 Seats available,3.7
Bihar,Ranchi To Patna,https://www.redbus.in/bus-tickets/ranchi-to-patna,Hawa Hawai,NON A/C Seater / Sleeper (2+2),Khadgara Bus Stand,06:00,Patliputra Bairiya ISBT,16:30,10h 30m,570,85 Seats available,3.7
Bihar,Ranchi To Patna,https://www.redbus.in/bus-tickets/ranchi-to-patna,Pappu Travels (yvts),A/C Seater/Sleeper (2+1),Ranchi,16:45,Patliputra ISBT,02:40,09h 55m,800,8 Seats available,3.7
Bihar,Ranchi To Patna,https://www.redbus.in/bus-tickets/ranchi-to-patna,Pihu (yvts),A/C Seater / Sleeper (2+1),Ranchi khadgara bus stand,21:55,patliputra Bairiya Bus stand,06:10,08h 15m,650,38 Seats available,3.7
Bihar,Ranchi To Patna,https://www.redbus.in/bus-tickets/ranchi-to-patna,Jai Mata Di Tour and Travels,A/C Seater / Sleeper (2+2),Ranchi,19:15,Patna new bairiya bus stand,04:30,09h 15m,1000,53 Seats available,3.7
Bihar,Ranchi To Patna,https://www.redbus.in/bus-tickets/ranchi-to-patna,RAUSHAN TRAVELS AND HOSPITALITY,A/C Seater / Sleeper (2+2),Khadgara Bus Stand,19:30,Zero Mile (Agam Kuaa),04:00,08h 30m,700,4 Seats available,3.7
Bihar,Ranchi To Patna,https://www.redbus.in/bus-tickets/ranchi-to-patna,Tejas Maa Bhawani,A/C Sleeper (2+1),Khadgara Bus Stand,18:30,Patliputra Bus Terminal ISBT,03:50,09h 20m,799,8 Seats available,3.7
Bihar,Hazaribagh To Patna,https://www.redbus.in/bus-tickets/hazaribagh-to-patna,Bihar state road transport corporation (BSRTC) - 153614,AC Seater (2+2),Hazaribagh Bus Stand-Muz,23:15,Gandhi Maidan,05:30,06h 15m,377,33 Seats available,3.2
Bihar,Hazaribagh To Patna,https://www.redbus.in/bus-tickets/hazaribagh-to-patna,Sri Sai ( Jharkhand Paryatak),A/C Seater / Sleeper (2+1),Bypass,00:15,meethapur bus stand,06:00,05h 45m,520,14 Seats available,3.2
Bihar,Hazaribagh To Patna,https://www.redbus.in/bus-tickets/hazaribagh-to-patna,MAA SHANTI TRAVELS,A/C Seater / Sleeper (2+1),HAZARIBAGH OLD BUS STAND,01:00,Rajendra Nagar Terminal,05:55,04h 55m,810,42 Seats available,3.2
Bihar,Hazaribagh To Patna,https://www.redbus.in/bus-tickets/hazaribagh-to-patna,MAA SHANTI TRAVELS,A/C Seater/Sleeper (2+1),HAZARIBAGH OLD BUS STAND,23:30,GANDHI MAIDAN (MAA SHANTI OFF...,06:35,07h 05m,540,36 Seats available,3.2
Bihar,Hazaribagh To Patna,https://www.redbus.in/bus-tickets/hazaribagh-to-patna,Rekha Luxury,A/C Seater / Sleeper (2+1),Hazaribagh Bus Stand,23:35,Patliputra ISBT Pahari,06:00,06h 25m,537,24 Seats available,3.2
Bihar,Hazaribagh To Patna,https://www.redbus.in/bus-tickets/hazaribagh-to-patna,Mahuli Travels,A/C Seater/Sleeper (2+1),Hazaribagh Bus Stand,23:59,Mithapur Bus Stand,06:15,06h 16m,600,47 Seats available,3.2
Bihar,Hazaribagh To Patna,https://www.redbus.in/bus-tickets/hazaribagh-to-patna,Rajdhani bus service,A/C Sleeper (2+1),Nagwan Toll Plaza,23:59,Zero Mile Singh Petrol Pump N...,05:50,05h 51m,648,18 Seats available,3.2
Bihar,Hazaribagh To Patna,https://www.redbus.in/bus-tickets/hazaribagh-to-patna,Maharani Express,A/C Seater / Sleeper (2+2),DISTRICT MORE BUS STAND,02:05,Patliputra Bairiya ISBT,08:00,05h 55m,540,26 Seats available,3.2
Bihar,Hazaribagh To Patna,https://www.redbus.in/bus-tickets/hazaribagh-to-patna,Bhawani Travels,NON A/C Seater Push Back (2+2),Bus Stand,06:00,Zero Mile,13:00,07h 00m,449,40 Seats available,3.2
Bihar,Hazaribagh To Patna,https://www.redbus.in/bus-tickets/hazaribagh-to-patna,Sri Krishna Rath,NON A/C Seater / Sleeper (2+2),Hazaribagh Bus Stand,21:00,Gaya-Pahari more,04:00,07h 00m,400,18 Seats available,3.2
Bihar,Hazaribagh To Patna,https://www.redbus.in/bus-tickets/hazaribagh-to-patna,Rajshri Travels,Non A/C Seater / Sleeper (2+1),Hazaribagh,21:50,Patna Bairiya Bus Stand,04:50,07h 00m,549,12 Seats available,3.2
Bihar,Hazaribagh To Patna,https://www.redbus.in/bus-tickets/hazaribagh-to-patna,Sadhvi Rath,A/C Seater / Sleeper (2+1),Hazaribagh Bus Stand,23:28,"Partiputra Bus Terminal ,ISBT...",05:30,06h 02m,540,48 Seats available,3.2
Bihar,Hazaribagh To Patna,https://www.redbus.in/bus-tickets/hazaribagh-to-patna,Arzoo Travels,A/C Seater / Sleeper (2+1),Hazaribagh Bus Stand,23:30,Methapur over bridge,05:00,05h 30m,463,28 Seats available,3.2
Bihar,Hazaribagh To Patna,https://www.redbus.in/bus-tickets/hazaribagh-to-patna,Rajdhani bus service,Non A/C Seater / Sleeper (2+1),Nagwan Toll Plaza,23:45,Zero Mile Singh Petrol Pump N...,05:00,05h 15m,523,33 Seats available,3.2
Bihar,Hazaribagh To Patna,https://www.redbus.in/bus-tickets/hazaribagh-to-patna,Pappu Travels (yvts),A/C Seater/Sleeper (2+1),kargil chowk,20:00,Patliputra ISBT,02:40,06h 40m,800,8 Seats available,3.2
Bihar,Hazaribagh To Patna,https://www.redbus.in/bus-tickets/hazaribagh-to-patna,Tejas Maa Bhawani,A/C Seater / Sleeper (2+2),Bypass,21:35,Zero Mile,04:01,06h 26m,839,12 Seats available,3.2
Bihar,Hazaribagh To Patna,https://www.redbus.in/bus-tickets/hazaribagh-to-patna,Tejas Maa Bhawani,A/C Sleeper (2+1),Bypass,21:41,Patliputra Bus Terminal ISBT,03:50,06h 09m,849,4 Seats available,3.2
Bihar,Patna To Raxaul,https://www.redbus.in/bus-tickets/patna-to-raxaul,Bihar state road transport corporation (BSRTC) - 150571,Non AC Seater (2+2),Gandhi Maidan,21:20,Government Bus Stand,04:30,07h 10m,293,32 Seats available,3.5
Bihar,Patna To Raxaul,https://www.redbus.in/bus-tickets/patna-to-raxaul,Jai Hanuman Travels,A/C Seater / Sleeper (2+2),Gandhi Maidan bsrtc bus depo,22:00,raxaul,05:00,07h 00m,550,54 Seats available,3.5
Bihar,Muzaffarpur To Kathmandu,https://www.redbus.in/bus-tickets/muzaffarpur-to-kathmandu,Bihar state road transport corporation (BSRTC) - 166033,A/C Seater Hi-Tech Push Back (2+2),Muzaffarpur,15:35,Swoyambhu,06:15,14h 40m,855,41 Seats available,2.6
Bihar,Muzaffarpur To Kathmandu,https://www.redbus.in/bus-tickets/muzaffarpur-to-kathmandu,V.I.P Travels,A/C Seater Hi-Tech Push Back (2+2),KHABRA NEAR D.A.V SCHOOL -NH -28,15:14,Karkhana Chowk,05:30,14h 16m,876,34 Seats available,2.6
Bihar,Patna To Ranchi,https://www.redbus.in/bus-tickets/patna-to-ranchi,Bihar state road transport corporation (BSRTC) - 153594,AC Seater (2+2),Gandhi Maidan,20:41,Ranchi Govt Bus Stand-Muz,06:00,09h 19m,525,35 Seats available,2.8
Bihar,Patna To Ranchi,https://www.redbus.in/bus-tickets/patna-to-ranchi,Rekha Luxury,A/C Seater / Sleeper (2+1),Patliputra ISBT Pahari,20:00,Dhurwa bus stand,06:00,10h 00m,580,42 Seats available,2.8
Bihar,Patna To Ranchi,https://www.redbus.in/bus-tickets/patna-to-ranchi,MAA SHANTI TRAVELS,A/C Seater / Sleeper (2+1),GANDHI MAIDAN (MAA SHANTI OFF...,20:27,Kanta Toli Chowk,04:15,07h 48m,720,41 Seats available,2.8
Bihar,Patna To Ranchi,https://www.redbus.in/bus-tickets/patna-to-ranchi,Sri Sai ( Jharkhand Paryatak),A/C Seater / Sleeper (2+1),meethapur bus stand,21:00,Ranchi Overbridge near Ranchi...,06:00,09h 00m,456,17 Seats available,2.8
Bihar,Patna To Ranchi,https://www.redbus.in/bus-tickets/patna-to-ranchi,MAA SHANTI TRAVELS,A/C Seater/Sleeper (2+1),GANDHI MAIDAN (MAA SHANTI OFF...,21:25,Patel Chowk,06:45,09h 20m,540,55 Seats available,2.8
Bihar,Patna To Ranchi,https://www.redbus.in/bus-tickets/patna-to-ranchi,Mahuli Travels,A/C Seater/Sleeper (2+1),Patna Bairiya Bus Stand,21:00,Ratu Road,06:00,09h 00m,550,47 Seats available,2.8
Bihar,Patna To Ranchi,https://www.redbus.in/bus-tickets/patna-to-ranchi,Rajdhani bus service,A/C Sleeper (2+1),Zero Mile Singh Petrol Pump N...,20:05,Kanta Toli Chowk,04:00,07h 55m,739,24 Seats available,2.8
Bihar,Patna To Ranchi,https://www.redbus.in/bus-tickets/patna-to-ranchi,Pihu Enterprises Private Limited,A/C Seater / Sleeper (2+1),Patliputra Bairiya ISBT,17:15,Ranchi khadgara bus stand,03:00,09h 45m,585,9 Seats available,2.8
Bihar,Patna To Ranchi,https://www.redbus.in/bus-tickets/patna-to-ranchi,VIJAY RATH,A/C Seater / Sleeper (2+1),ISBT Patliputra,19:16,Kanta Toli Chowk,04:45,09h 29m,698,36 Seats available,2.8
Bihar,Patna To Ranchi,https://www.redbus.in/bus-tickets/patna-to-ranchi,Arzoo Travels,A/C Seater / Sleeper (2+1),Methapur over bridge,20:30,Ratu road chowk,05:30,09h 00m,463,44 Seats available,2.8
Bihar,Patna To Ranchi,https://www.redbus.in/bus-tickets/patna-to-ranchi,Puja Rath,A/C Seater / Sleeper (2+1),Patliputra Bairiya ISBT,21:00,Bus Stand,05:40,08h 40m,600,45 Seats available,2.8
Bihar,Patna To Ranchi,https://www.redbus.in/bus-tickets/patna-to-ranchi,Sadhvi Rath,A/C Seater / Sleeper (2+1),"Partiputra Bus Terminal ,ISBT...",20:40,MEDICAL,05:40,09h 00m,540,47 Seats available,2.8
Bihar,Patna To Ranchi,https://www.redbus.in/bus-tickets/patna-to-ranchi,Rajdhani bus service,Non A/C Seater / Sleeper (2+1),Zero Mile Singh Petrol Pump N...,18:30,KANTATOLI CHOWK,03:45,09h 15m,570,24 Seats available,2.8
Bihar,Patna To Ranchi,https://www.redbus.in/bus-tickets/patna-to-ranchi,Divya Rath,A/C Sleeper (2+1),"ADITYA VISION ,ZEROMILE PAHARI",20:15,Kata Toli More,04:30,08h 15m,855,33 Seats available,2.8
Bihar,Patna To Ranchi,https://www.redbus.in/bus-tickets/patna-to-ranchi,Singh Travels,A/C Seater / Sleeper (2+1),Patliputra Bairiya ISBT,18:30,Kanta Toli Chowk,04:15,09h 45m,630,47 Seats available,2.8
Bihar,Patna To Ranchi,https://www.redbus.in/bus-tickets/patna-to-ranchi,Chandralok Travels,A/C Seater / Sleeper (2+1),Patliputra ISBT,21:20,Ratu Road,06:10,08h 50m,600,48 Seats available,2.8
Bihar,Patna To Ranchi,https://www.redbus.in/bus-tickets/patna-to-ranchi,Arzoo Travels,Bharat Benz A/C Seater /Sleeper (2+1),New patliputra bus stand bairiya,20:45,Hotel Ashoka near High court ...,05:30,08h 45m,520,42 Seats available,2.8
Bihar,Patna To Ranchi,https://www.redbus.in/bus-tickets/patna-to-ranchi,Maa Bhawani Travels,A/C Seater / Sleeper (2+1),Zero Mile(Agam Kuaa),21:45,Khadgara Bus Stand,05:30,07h 45m,540,28 Seats available,2.8
Bihar,Patna To Ranchi,https://www.redbus.in/bus-tickets/patna-to-ranchi,Maharani Transport,A/C Seater / Sleeper (2+2),Patliputra Bairiya ISBT,16:15,Bus Stand,04:00,11h 45m,601,6 Seats available,2.8
Bihar,Patna To Ranchi,https://www.redbus.in/bus-tickets/patna-to-ranchi,Sri Krishna Rath,A/C Seater / Sleeper (2+2),SRI KRISHNA RATH OFFICE ZERO ...,21:15,Ranchi Ring Road,04:30,07h 15m,450,26 Seats available,2.8
Bihar,Patna To Ranchi,https://www.redbus.in/bus-tickets/patna-to-ranchi,Maharani Express,A/C Seater / Sleeper (2+2),Patliputra Bairiya ISBT,18:00,Ratu Road,03:45,09h 45m,540,26 Seats available,2.8
Bihar,Patna To Ranchi,https://www.redbus.in/bus-tickets/patna-to-ranchi,KRISHNA RATH LUXURY,A/C Seater / Sleeper (2+1),Meethapur bus stand Patna,21:00,Khadgara Bus Stand,05:30,08h 30m,550,36 Seats available,2.8
Bihar,Patna To Ranchi,https://www.redbus.in/bus-tickets/patna-to-ranchi,Pihu (yvts),A/C Seater / Sleeper (2+1),patliputra Bairiya Bus stand,19:30,Kantatoli Bus Stand,04:10,08h 40m,700,45 Seats available,2.8
Bihar,Patna To Ranchi,https://www.redbus.in/bus-tickets/patna-to-ranchi,JGD Travels Pvt Ltd.,Bharat Benz A/C Sleeper (2+1),Patna Pahari,20:15,Ranchi Bus Stand,04:25,08h 10m,1000,34 Seats available,2.8
Bihar,Patna To Ranchi,https://www.redbus.in/bus-tickets/patna-to-ranchi,Yarana Travels,NON AC Seater / Sleeper 2+1,Zero Mile,18:01,Kanta Toli Chowk,03:00,08h 59m,550,17 Seats available,2.8
Bihar,Patna To Ranchi,https://www.redbus.in/bus-tickets/patna-to-ranchi,Hawa Hawai,NON A/C Seater / Sleeper (2+2),Patliputra Bairiya ISBT,07:30,Khadgara Bus Stand,18:00,10h 30m,570,85 Seats available,2.8
Bihar,Patna To Ranchi,https://www.redbus.in/bus-tickets/patna-to-ranchi,Pappu Travels (yvts),A/C Seater/Sleeper (2+1),Patna Pahari,21:30,Ranchi khadgara bus stand,06:00,08h 30m,800,10 Seats available,2.8
Bihar,Patna To Ranchi,https://www.redbus.in/bus-tickets/patna-to-ranchi,Sri Krishna Rath,A/C Seater / Sleeper (2+1),Patliputra ISBT,21:00,Ring Road,07:00,10h 00m,450,56 Seats available,2.8
Bihar,Patna To Ranchi,https://www.redbus.in/bus-tickets/patna-to-ranchi,Jai Mata Di Tour and Travels,A/C Seater / Sleeper (2+2),Patna new bairiya bus stand,21:30,Ranchi,06:00,08h 30m,750,45 Seats available,2.8
Bihar,Patna To Ranchi,https://www.redbus.in/bus-tickets/patna-to-ranchi,Sri Krishna Rath,A/C Seater / Sleeper (2+2),SRI KRISHNA RATH OFFICE ZERO ...,21:15,Ranchi Ring Road,04:30,07h 15m,450,20 Seats available,2.8
Bihar,Patna To Ranchi,https://www.redbus.in/bus-tickets/patna-to-ranchi,RAUSHAN TRAVELS AND HOSPITALITY,A/C Seater / Sleeper (2+2),Zero Mile (Agam Kuaa),20:45,Khadgara Bus Stand,05:30,08h 45m,700,4 Seats available,2.8
Bihar,Muzaffarpur To Ranchi,https://www.redbus.in/bus-tickets/muzaffarpur-to-ranchi,Bihar state road transport corporation (BSRTC) - 153594,AC Seater (2+2),Emali Chati Govt Bus Stand,18:00,Ranchi Govt Bus Stand-Muz,06:00,12h 00m,605,35 Seats available,3.4
Bihar,Muzaffarpur To Ranchi,https://www.redbus.in/bus-tickets/muzaffarpur-to-ranchi,JGD Travels Pvt Ltd.,Bharat Benz A/C Sleeper (2+1),Bariya Bus Stand,18:10,Ranchi Bus Stand,04:25,10h 15m,1000,34 Seats available,3.4
Bihar,Muzaffarpur To Ranchi,https://www.redbus.in/bus-tickets/muzaffarpur-to-ranchi,Pawapuri Motors,A/C Seater / Sleeper (2+1),Muzaffarpur pawapuri motors o...,17:30,Dhurva,05:45,12h 15m,800,14 Seats available,3.4
Bihar,Muzaffarpur To Ranchi,https://www.redbus.in/bus-tickets/muzaffarpur-to-ranchi,Jai Mata Di Tour and Travels,A/C Seater / Sleeper (2+2),Muzaffarpur,19:15,Ranchi,06:00,10h 45m,700,45 Seats available,3.4
Bihar,Muzaffarpur To Ranchi,https://www.redbus.in/bus-tickets/muzaffarpur-to-ranchi,Jai Mata Di Tour and Travels,AC Seater (2+2),Muzaffarpur,17:45,Ranchi,04:45,11h 00m,750,34 Seats available,3.4
Bihar,Muzaffarpur To Ranchi,https://www.redbus.in/bus-tickets/muzaffarpur-to-ranchi,Jai Mata Di Tour and Travels,A/C Seater / Sleeper (2+2),Muzaffarpur,18:00,Ranchi,04:30,10h 30m,700,26 Seats available,3.4
Bihar,Muzaffarpur To Ranchi,https://www.redbus.in/bus-tickets/muzaffarpur-to-ranchi,Tejas Maa Bhawani,A/C Sleeper (2+1),Bairiya Bus Stand,18:55,Khadgara Bus Stand,06:00,11h 05m,900,5 Seats available,3.4
Bihar,Muzaffarpur To Ranchi,https://www.redbus.in/bus-tickets/muzaffarpur-to-ranchi,Pawapuri Motors,A/C Seater / Sleeper (2+1),BAIRIYA BUS STAND,18:00,Dhurva,06:00,12h 00m,900,4 Seats available,3.4
Bihar,Muzaffarpur To Ranchi,https://www.redbus.in/bus-tickets/muzaffarpur-to-ranchi,Tejas Maa Bhawani,A/C Seater / Sleeper (2+2),Bairiya Bus Stand,19:00,Khadgara Bus Stand,05:30,10h 30m,1050,2 Seats available,3.4
Bihar,Muzaffarpur To Ranchi,https://www.redbus.in/bus-tickets/muzaffarpur-to-ranchi,Tejas Maa Bhawani,AC Sleeper (2+1),Bairiya Bus Stand,18:45,Khadgara Bus Stand,06:00,11h 15m,900,4 Seats available,3.4
Bihar,Kathmandu To Patna,https://www.redbus.in/bus-tickets/kathmandu-to-patna,V.I.P Travels,A/C Seater Hi-Tech Push Back (2+2),Karkhana Chowk,18:30,Meethapur Bus Stand,12:30,18h 00m,1040,43 Seats available,2.7
Bihar,Ranchi To Muzaffarpur,https://www.redbus.in/bus-tickets/ranchi-to-muzaffarpur,Bihar state road transport corporation (BSRTC) - 153614,AC Seater (2+2),Ranchi Govt Bus Stand-Muz,20:55,Emali Chati Govt Bus Stand,07:30,10h 35m,605,33 Seats available,3.1
Bihar,Ranchi To Muzaffarpur,https://www.redbus.in/bus-tickets/ranchi-to-muzaffarpur,JGD Travels Pvt Ltd.,Bharat Benz A/C Sleeper (2+1),Ranchi Bus Stand,20:35,Bariya Bus Stand,06:15,09h 40m,1000,35 Seats available,3.1
Bihar,Ranchi To Muzaffarpur,https://www.redbus.in/bus-tickets/ranchi-to-muzaffarpur,Pawapuri Motors,A/C Seater / Sleeper (2+1),Ranchi Khadgara Bus Stand,18:25,BAIRIYA BUS STAND,07:00,12h 35m,900,9 Seats available,3.1
Bihar,Ranchi To Muzaffarpur,https://www.redbus.in/bus-tickets/ranchi-to-muzaffarpur,Jai Mata Di Tour and Travels,A/C Seater / Sleeper (2+2),Ranchi,19:15,Muzaffarpur,06:30,11h 15m,700,4 Seats available,3.1
Bihar,Ranchi To Muzaffarpur,https://www.redbus.in/bus-tickets/ranchi-to-muzaffarpur,Tejas Maa Bhawani,A/C Seater / Sleeper (2+2),Khadgara Bus Stand,18:15,Bairiya Bus Stand,05:30,11h 15m,839,12 Seats available,3.1
Bihar,Ranchi To Muzaffarpur,https://www.redbus.in/bus-tickets/ranchi-to-muzaffarpur,Jai Mata Di Tour and Travels,A/C Seater / Sleeper (2+2),Ranchi,18:45,Muzaffarpur,04:15,09h 30m,1000,4 Seats available,3.1
Bihar,Ranchi To Muzaffarpur,https://www.redbus.in/bus-tickets/ranchi-to-muzaffarpur,Tejas Maa Bhawani,A/C Sleeper (2+1),Khadgara Bus Stand,18:30,Bairiya Bus Stand,05:15,10h 45m,849,4 Seats available,3.1
Bihar,Ranchi To Muzaffarpur,https://www.redbus.in/bus-tickets/ranchi-to-muzaffarpur,Pawapuri Motors,A/C Seater / Sleeper (2+1),Dhurva,17:00,Muzaffarpur pawapuri motors o...,05:45,12h 45m,900,9 Seats available,3.1
Bihar,Ranchi To Muzaffarpur,https://www.redbus.in/bus-tickets/ranchi-to-muzaffarpur,Jai Mata Di Tour and Travels,AC Seater (2+2),Ranchi,20:00,Muzaffarpur,05:00,09h 00m,1100,4 Seats available,3.1
Bihar,Motihari To Lucknow,https://www.redbus.in/bus-tickets/motihari-to-lucknow,MISHRA BANDHU BUS SERVICE,A/C Seater / Sleeper (2+1),Main Bus Stand,16:55,Gomti Nagar,04:14,11h 19m,800,45 Seats available,2.8
Bihar,Motihari To Lucknow,https://www.redbus.in/bus-tickets/motihari-to-lucknow,Panwar Travels,A/C Sleeper (2+1),"Pipra Kothi Chowk , Mohhamadp...",15:40,Alambagh,01:40,10h 00m,2500,26 Seats available,2.8
Bihar,Motihari To Lucknow,https://www.redbus.in/bus-tickets/motihari-to-lucknow,Baba Khatushyam Travels Pvt Ltd,A/C Seater / Sleeper (3+1),PIPRA KHOTHI BYPASS,17:35,Transport Nagar,03:00,09h 25m,1199,58 Seats available,2.8
Bihar,Motihari To Lucknow,https://www.redbus.in/bus-tickets/motihari-to-lucknow,Travel Point World LLP,A/C Seater / Sleeper (2+2),Motihari bus stand,18:20,Charbagh,03:20,09h 00m,1899,38 Seats available,2.8
Bihar,Motihari To Lucknow,https://www.redbus.in/bus-tickets/motihari-to-lucknow,Shree Balajee Travels And Cargo,A/C Seater / Sleeper (2+1),PIPRA KHOTI FLY OVER,15:00,Charbagh,01:00,10h 00m,1599,47 Seats available,2.8
Bihar,Motihari To Lucknow,https://www.redbus.in/bus-tickets/motihari-to-lucknow,Shree Balajee Travels And Cargo,A/C Seater / Sleeper (2+2),PIPRA KHOTI FLY OVER,22:50,Charbagh,05:20,06h 30m,999,72 Seats available,2.8
Bihar,Lucknow To Motihari,https://www.redbus.in/bus-tickets/lucknow-to-motihari,Bihar state road transport corporation (BSRTC) - 152185,Volvo AC Seater 2+2,Alambagh,23:00,Govt. Bus Stand,08:30,09h 30m,800,46 Seats available,3.3
Bihar,Lucknow To Motihari,https://www.redbus.in/bus-tickets/lucknow-to-motihari,MISHRA BANDHU BUS SERVICE,A/C Seater / Sleeper (2+1),Transport Nagar,21:30,Main Bus Stand,07:30,10h 00m,849,45 Seats available,3.3
Bihar,Lucknow To Motihari,https://www.redbus.in/bus-tickets/lucknow-to-motihari,Panwar Travels,A/C Sleeper (2+1),Alambagh,01:20,"Pipra Kothi Chowk , Mohhamadp...",17:30,16h 10m,2500,36 Seats available,3.3
Bihar,Lucknow To Motihari,https://www.redbus.in/bus-tickets/lucknow-to-motihari,Shree Balajee Travels And Cargo,A/C Seater / Sleeper (2+1),Charbagh,23:30,PIPRA KHOTI FLY OVER,09:00,09h 30m,1499,47 Seats available,3.3
Bihar,Motihari To Kathmandu,https://www.redbus.in/bus-tickets/motihari-to-kathmandu,Bihar state road transport corporation (BSRTC) - 166033,A/C Seater Hi-Tech Push Back (2+2),Bihar State Road Transport Co...,17:10,Swoyambhu,06:15,13h 05m,685,41 Seats available,3.0
Bihar,Motihari To Kathmandu,https://www.redbus.in/bus-tickets/motihari-to-kathmandu,V.I.P Travels,A/C Seater Hi-Tech Push Back (2+2),Main Bus Stand,16:15,Karkhana Chowk,05:30,13h 15m,700,34 Seats available,3.0
Bihar,Agra To Motihari,https://www.redbus.in/bus-tickets/agra-to-motihari,Panwar Travels,A/C Sleeper (2+1),Ghoda Chowk Partapur Circle A...,21:45,"Pipra Kothi Chowk , Mohhamadp...",17:30,19h 45m,2500,36 Seats available,2.8
Bihar,Agra To Motihari,https://www.redbus.in/bus-tickets/agra-to-motihari,Shree Balajee Travels And Cargo,NON A/C Seater/ Sleeper (2+1),Agara,21:30,Piprakhoti,15:30,0-6h 00m,1500,40 Seats available,2.8
Bihar,Agra To Motihari,https://www.redbus.in/bus-tickets/agra-to-motihari,Shree Balajee Travels And Cargo,A/C Seater / Sleeper (2+1),Agara,18:00,PIPRA KHOTI FLY OVER,09:00,15h 00m,1499,47 Seats available,2.8
Bihar,Patna To Janakpur (Nepal),https://www.redbus.in/bus-tickets/patna-to-janakpur-nepal,Bihar state road transport corporation (BSRTC) - 171326,Non AC Seater (2+2),Gandhi Maidan,21:55,Janakpur Bus stand,06:30,08h 35m,275,33 Seats available,3.0
Bihar,Patna To Janakpur (Nepal),https://www.redbus.in/bus-tickets/patna-to-janakpur-nepal,V.I.P Travels,A/C Seater Hi-Tech Push Back (2+2),Meethapur Bus Stand,21:30,Janakpur Bus stand,07:00,09h 30m,375,41 Seats available,3.0
Bihar,Muzaffarpur To Hazaribagh,https://www.redbus.in/bus-tickets/muzaffarpur-to-hazaribagh,Bihar state road transport corporation (BSRTC) - 153594,AC Seater (2+2),Emali Chati Govt Bus Stand,18:00,Hazaribagh Bus Stand-Muz,04:00,10h 00m,484,35 Seats available,3.7
Bihar,Muzaffarpur To Hazaribagh,https://www.redbus.in/bus-tickets/muzaffarpur-to-hazaribagh,Pawapuri Motors,A/C Seater / Sleeper (2+1),Muzaffarpur pawapuri motors o...,17:30,Hazaribagh Bus Stand,03:00,09h 30m,750,14 Seats available,3.7
Bihar,Muzaffarpur To Hazaribagh,https://www.redbus.in/bus-tickets/muzaffarpur-to-hazaribagh,Tejas Maa Bhawani,A/C Seater / Sleeper (2+2),Bairiya Bus Stand,19:00,Bypass,02:30,07h 30m,1050,2 Seats available,3.7
Bihar,Muzaffarpur To Hazaribagh,https://www.redbus.in/bus-tickets/muzaffarpur-to-hazaribagh,Tejas Maa Bhawani,AC Sleeper (2+1),Bairiya Bus Stand,18:45,Bypass,03:25,08h 40m,900,4 Seats available,3.7
Bihar,Muzaffarpur To Hazaribagh,https://www.redbus.in/bus-tickets/muzaffarpur-to-hazaribagh,Tejas Maa Bhawani,A/C Sleeper (2+1),Bairiya Bus Stand,18:55,Bypass,04:00,09h 05m,900,5 Seats available,3.7
Bihar,Purnea To Patna,https://www.redbus.in/bus-tickets/purnea-to-patna,Bihar state road transport corporation (BSRTC) - 156563,AC Seater (2+2),Bus Stand-Purn,19:00,Gandhi Maidan,04:00,09h 00m,468,36 Seats available,3.9
Bihar,Purnea To Patna,https://www.redbus.in/bus-tickets/purnea-to-patna,AITIANA CRUISELINERS,A/C Seater / Sleeper (2+1),Purnea,21:00,Patliputra Terminal,06:00,09h 00m,500,15 Seats available,3.9
Bihar,Purnea To Patna,https://www.redbus.in/bus-tickets/purnea-to-patna,Aitiana Airwings,Benz A/C Sleeper (2+1),Purnea (Purnea),21:00,Bairiya (Patna (Bihar)),05:00,08h 00m,650,14 Seats available,3.9
Bihar,Purnea To Patna,https://www.redbus.in/bus-tickets/purnea-to-patna,MAA SHANTI TRAVELS,A/C Seater / Sleeper (2+1),Purnea Bus Stand,20:10,Patliputra Bairiya ISBT,05:00,08h 50m,540,42 Seats available,3.9
Bihar,Purnea To Patna,https://www.redbus.in/bus-tickets/purnea-to-patna,Raj Bus Services,A/C Seater / Sleeper (2+1),Purnea Zero Mile (Purnea),13:35,Patliputra ISBT (Patna (Bihar)),20:35,07h 00m,463,21 Seats available,3.9
Bihar,Purnea To Patna,https://www.redbus.in/bus-tickets/purnea-to-patna,Aarush Krrish,A/C Seater / Sleeper (2+1),Bus Stand,21:00,Patliputra Bus Terminal,05:30,08h 30m,600,48 Seats available,3.9
Bihar,Purnea To Patna,https://www.redbus.in/bus-tickets/purnea-to-patna,Hawa Hawai,A/C Seater / Sleeper (2+1),Bus Stand,20:30,Gandhi Maidan,05:30,09h 00m,618,8 Seats available,3.9
Bihar,Purnea To Patna,https://www.redbus.in/bus-tickets/purnea-to-patna,Raj Bus Services,A/C Seater / Sleeper (2+2),Purnea Zero Mile (Purnea,22:45,Patliputra ISBT (Patna (Bihar,07:45,09h 00m,463,10 Seats available,3.9
Bihar,Purnea To Patna,https://www.redbus.in/bus-tickets/purnea-to-patna,AITIANA CRUISELINERS,Bharat Benz A/C Seater /Sleeper (2+1),PURNEA MAIN BUS STAND,20:15,Patliputra Bairiya ISBT,05:15,09h 00m,500,10 Seats available,3.9
Bihar,Purnea To Patna,https://www.redbus.in/bus-tickets/purnea-to-patna,Divya Rath,A/C Sleeper (2+1),Purnea Bus Stand,20:30,"ADITYA VISION ,ZEROMILE PAHA...",05:30,09h 00m,618,10 Seats available,3.9
Bihar,Purnea To Patna,https://www.redbus.in/bus-tickets/purnea-to-patna,MAA SHANTI TRAVELS,A/C Seater / Sleeper (2+1),Purnea Bus Stand,20:45,DAK BUNGLOW,05:15,08h 30m,540,28 Seats available,3.9
Bihar,Purnea To Patna,https://www.redbus.in/bus-tickets/purnea-to-patna,Maa Satyabhama Rath,A/C Seater / Sleeper (2+1),Purnea,21:00,Patna,06:00,09h 00m,555,24 Seats available,3.9
Bihar,Purnea To Patna,https://www.redbus.in/bus-tickets/purnea-to-patna,Sri Krishna Tours and Travels,A/C Seater / Sleeper (2+2),PURNIA ZERO MILE GULABBAGH,21:00,Gandhi Maidan,05:20,08h 20m,569,15 Seats available,3.9
Bihar,Purnea To Patna,https://www.redbus.in/bus-tickets/purnea-to-patna,Sadhvi Rath,A/C Seater / Sleeper (2+1),Purnia Bus Stand,19:36,"Partiputra Bus Terminal ,ISBT...",05:36,10h 00m,468,9 Seats available,3.9
Bihar,Purnea To Patna,https://www.redbus.in/bus-tickets/purnea-to-patna,Aitiana Travels,NON A/C Seater / Sleeper (2+2),Purnea Bus Stand,20:00,Patna Bairiya Bus Stand,06:00,10h 00m,300,12 Seats available,3.9
Bihar,Purnea To Patna,https://www.redbus.in/bus-tickets/purnea-to-patna,Shatabdi Travels,A/C Seater / Sleeper (2+1),Purnea GOVERNMENT BUS STAND,19:50,KANKARBAGH.P,04:50,09h 00m,700,40 Seats available,3.9
Bihar,Purnea To Patna,https://www.redbus.in/bus-tickets/purnea-to-patna,Sri Krishna Rath,A/C Seater / Sleeper (2+2),Purnea Zero Mile,21:00,SRI KRISHNA RATH OFFICE ZERO ...,04:15,07h 15m,449,27 Seats available,3.9
Bihar,Purnea To Patna,https://www.redbus.in/bus-tickets/purnea-to-patna,Vivek Travels (yvts),A/C Seater/Sleeper (2+1),Purnea Zero Mile,22:00,Patna Beriya Bus Stand,05:20,07h 20m,650,17 Seats available,3.9
Bihar,Purnea To Patna,https://www.redbus.in/bus-tickets/purnea-to-patna,Meera Travels (Yvts),A/C Seater / Sleeper (2+1),Purnea Bus Stand,20:15,Gandhi Maidan,06:15,10h 00m,600,6 Seats available,3.9
Bihar,Purnea To Patna,https://www.redbus.in/bus-tickets/purnea-to-patna,Shivam Travels,NON A/C Seater / Sleeper (2+2),Purnea Bus Stand,20:30,Patna New ISBT Patna Shivam FGM,05:00,08h 30m,450,43 Seats available,3.9
Bihar,Purnea To Patna,https://www.redbus.in/bus-tickets/purnea-to-patna,Sree Balaji Travels,A/C Seater / Sleeper (2+1),Purnea,19:30,Patliputra Bairiya ISBT,04:30,09h 00m,550,49 Seats available,3.9
Bihar,Purnea To Patna,https://www.redbus.in/bus-tickets/purnea-to-patna,Shree Sai Krishna Luxury,A/C Seater / Sleeper (2+1),Sarkari Bus Stand,20:00,Ghandimaidan,05:00,09h 00m,600,42 Seats available,3.9
Bihar,Purnea To Patna,https://www.redbus.in/bus-tickets/purnea-to-patna,Shri Sai Krishna Luxury,A/C Seater / Sleeper (2+1),Purnea,20:00,Gandhi Maidan,05:30,09h 30m,600,51 Seats available,3.9
Bihar,Purnea To Patna,https://www.redbus.in/bus-tickets/purnea-to-patna,Sameer Travels (GT),A/C Seater / Sleeper (2+2),Purnia Bus stand(amrapali Hotel),23:40,BARAIYA ZERO MILE SINGH PETRO...,06:30,06h 50m,550,26 Seats available,3.9
Bihar,Patna To Araria (Bihar),https://www.redbus.in/bus-tickets/patna-to-araria,Bihar state road transport corporation (BSRTC) - 142847,AC Seater (2+2),Gandhi Maidan,21:25,Araria Bus Stand,04:35,07h 10m,468,36 Seats available,3.6
Bihar,Patna To Araria (Bihar),https://www.redbus.in/bus-tickets/patna-to-araria,MAA SHANTI TRAVELS,A/C Seater / Sleeper (2+1),GANDHI MAIDAN (MAA SHANTI OFF...,21:25,Araria bus stand,05:30,08h 05m,540,34 Seats available,3.6
Bihar,Patna To Araria (Bihar),https://www.redbus.in/bus-tickets/patna-to-araria,AITIANA CRUISELINERS,A/C Seater / Sleeper (2+1),Zero Mile,21:15,Araria Bus Stand,05:30,08h 15m,500,15 Seats available,3.6
Bihar,Patna To Araria (Bihar),https://www.redbus.in/bus-tickets/patna-to-araria,MAA SHANTI TRAVELS,A/C Seater / Sleeper (2+1),GANDHI MAIDAN (MAA SHANTI OFF...,22:10,Araria bus stand,05:25,07h 15m,585,28 Seats available,3.6
Bihar,Patna To Araria (Bihar),https://www.redbus.in/bus-tickets/patna-to-araria,AITIANA CRUISELINERS,Bharat Benz A/C Seater /Sleeper (2+1),Patliputra Bairiya ISBT,20:20,Araria Bus Stand,04:30,08h 10m,500,14 Seats available,3.6
Bihar,Patna To Araria (Bihar),https://www.redbus.in/bus-tickets/patna-to-araria,Hawa Hawai,A/C Seater / Sleeper (2+1),Gandhi Maidan,20:00,Araria Bus Stand,04:00,08h 00m,570,42 Seats available,3.6
Bihar,Patna To Araria (Bihar),https://www.redbus.in/bus-tickets/patna-to-araria,Sadhvi Rath,A/C Seater / Sleeper (2+1),"Partiputra Bus Terminal ,ISBT...",20:20,Araria Bus Stand,05:10,08h 50m,495,48 Seats available,3.6
Bihar,Patna To Araria (Bihar),https://www.redbus.in/bus-tickets/patna-to-araria,Divya Rath,A/C Sleeper (2+1),"ADITYA VISION ,ZEROMILE PAHARI",20:45,Araria Bus Stand,04:45,08h 00m,618,34 Seats available,3.6
Bihar,Patna To Araria (Bihar),https://www.redbus.in/bus-tickets/patna-to-araria,Shatabdi Travels,A/C Seater / Sleeper (2+1),Ghandi Maidan.P,21:00,Araria,05:00,08h 00m,600,44 Seats available,3.6
Bihar,Patna To Araria (Bihar),https://www.redbus.in/bus-tickets/patna-to-araria,Maa Satyabhama Rath,A/C Seater / Sleeper (2+1),"GHANDHI MAIDAN,BAKIPUR BUS STOP",21:00,Araria Bus Stand,05:30,08h 30m,555,45 Seats available,3.6
Bihar,Patna To Araria (Bihar),https://www.redbus.in/bus-tickets/patna-to-araria,Shatabdi Travels,A/C Seater / Sleeper (2+1),Ghandi Maidan.P,21:55,Araria,05:55,08h 00m,600,54 Seats available,3.6
Bihar,Patna To Araria (Bihar),https://www.redbus.in/bus-tickets/patna-to-araria,Shri Sai Krishna Luxury,A/C Seater / Sleeper (2+1),Gandhi Maidan,21:15,Araria,05:45,08h 30m,600,51 Seats available,3.6
Bihar,Patna To Araria (Bihar),https://www.redbus.in/bus-tickets/patna-to-araria,Sri Krishna Tours and Travels,A/C Seater / Sleeper (2+2),Rajendra Nagar,20:30,Araria Bus Stand,04:55,08h 25m,570,42 Seats available,3.6
Bihar,Patna To Araria (Bihar),https://www.redbus.in/bus-tickets/patna-to-araria,Sri Krishna Rath,A/C Seater / Sleeper (2+2),SRI KRISHNA RATH OFFICE ZERO ...,21:00,Araira,05:30,08h 30m,467,24 Seats available,3.6
Bihar,Patna To Araria (Bihar),https://www.redbus.in/bus-tickets/patna-to-araria,Sri Krishna Rath,A/C Seater / Sleeper (2+2),Patliputra ISBT,20:30,Araria Court,05:20,08h 50m,809,28 Seats available,3.6
Bihar,Darbhanga To Patna,https://www.redbus.in/bus-tickets/darbhanga-to-patna,Sri Krishna Tours and Travels,A/C Seater Push Back (2+2),Shobhan Chowk,05:45,Gandhi Maidan,09:20,03h 35m,314,10 Seats available,3.2
Bihar,Darbhanga To Patna,https://www.redbus.in/bus-tickets/darbhanga-to-patna,Sri Krishna Tours and Travels,A/C Seater Push Back (2+2),Darbhanga Delhi More Bus Stand,12:20,Gandhi Maidan,16:00,03h 40m,333,16 Seats available,3.2
Bihar,Darbhanga To Patna,https://www.redbus.in/bus-tickets/darbhanga-to-patna,Sri Krishna Tours and Travels,A/C Seater Push Back (2+2),Darbhanga Delhi More Bus Stand,17:00,Pariwan Parisar Phulwari Shai...,20:55,03h 55m,314,8 Seats available,3.2
Bihar,Darbhanga To Patna,https://www.redbus.in/bus-tickets/darbhanga-to-patna,Shiv Ganga Travels,NON A/C Seater Push Back (2+2),Mahanagar,06:08,Patliputra Bairiya ISBT,10:00,03h 52m,300,24 Seats available,3.2
Bihar,Darbhanga To Patna,https://www.redbus.in/bus-tickets/darbhanga-to-patna,Shiv Ganga Travels,AC Seater (2+2),Mahanagar,07:46,Patliputra Bairiya ISBT,11:30,03h 44m,330,24 Seats available,3.2
Bihar,Darbhanga To Patna,https://www.redbus.in/bus-tickets/darbhanga-to-patna,Shiv Ganga Travels,AC Seater (2+2),Mahanagar,10:46,Patliputra Bairiya ISBT,14:30,03h 44m,330,45 Seats available,3.2
Bihar,Darbhanga To Patna,https://www.redbus.in/bus-tickets/darbhanga-to-patna,Shiv Ganga Travels,A/C Seater (2+2),Mahanagar,11:13,Patliputra Bairiya ISBT,15:00,03h 47m,330,28 Seats available,3.2
Bihar,Darbhanga To Patna,https://www.redbus.in/bus-tickets/darbhanga-to-patna,Sri Krishna Tours and Travels,A/C Seater Push Back (2+2),Darbhanga Delhi More Bus Stand,13:30,Pariwan Parisar Phulwari Shai...,17:15,03h 45m,314,8 Seats available,3.2
Bihar,Darbhanga To Patna,https://www.redbus.in/bus-tickets/darbhanga-to-patna,Shiv Ganga Travels,A/C Seater (2+2),Mahanagar,14:06,Patliputra Bairiya ISBT,17:40,03h 34m,330,28 Seats available,3.2
Bihar,Patna To Saharsa,https://www.redbus.in/bus-tickets/patna-to-saharsa,Bihar state road transport corporation (BSRTC) - 152896,Non AC Seater (2+2),Gandhi Maidan,21:59,Bus Stand,06:00,08h 01m,400,8 Seats available,2.8
Bihar,Patna To Saharsa,https://www.redbus.in/bus-tickets/patna-to-saharsa,Tiwari Motors,A/C Seater / Sleeper (2+1),Patliputra Bus Terminal,20:00,Bus Stand,05:05,09h 05m,449,28 Seats available,2.8
Bihar,Patna To Saharsa,https://www.redbus.in/bus-tickets/patna-to-saharsa,Rukmanti (AT),A/C Seater / Sleeper (2+1),Patliputra Bus Terminal ISBT(...,20:00,Saharsa Bus Stand,05:00,09h 00m,509,26 Seats available,2.8
Bihar,Patna To Saharsa,https://www.redbus.in/bus-tickets/patna-to-saharsa,Raj Rath,A/C Seater / Sleeper (2+2),Zero Mile,21:00,Bus Stand,06:00,09h 00m,425,24 Seats available,2.8
Bihar,Patna To Saharsa,https://www.redbus.in/bus-tickets/patna-to-saharsa,Sri Krishna Rath,A/C Seater / Sleeper (2+2),Patliputra ISBT,20:30,SIMARHI BAZAR NH,04:00,07h 30m,809,28 Seats available,2.8
Bihar,Motihari To Agra,https://www.redbus.in/bus-tickets/motihari-to-agra,Baba Khatushyam Travels Pvt Ltd,A/C Seater / Sleeper (3+1),PIPRA KHOTHI BYPASS,17:35,Agra Bypass Rd,07:30,13h 55m,1199,56 Seats available,1.6
Bihar,Motihari To Agra,https://www.redbus.in/bus-tickets/motihari-to-agra,Travel Point World LLP,A/C Seater / Sleeper (2+2),Motihari bus stand,18:20,Kuberpur cut on epressway,06:50,12h 30m,1999,38 Seats available,1.6
Bihar,Motihari To Agra,https://www.redbus.in/bus-tickets/motihari-to-agra,Shree Balajee Travels And Cargo,A/C Seater / Sleeper (2+1),PIPRA KHOTI FLY OVER,15:00,Agara,06:43,15h 43m,1599,47 Seats available,1.6
Bihar,Patna To Forbesganj,https://www.redbus.in/bus-tickets/patna-to-forbesganj,Bihar state road transport corporation (BSRTC) - 142847,AC Seater (2+2),Gandhi Maidan,21:25,Forbesganj,04:00,06h 35m,450,35 Seats available,4.0
Bihar,Patna To Forbesganj,https://www.redbus.in/bus-tickets/patna-to-forbesganj,MAA SHANTI TRAVELS,A/C Seater / Sleeper (2+1),GANDHI MAIDAN (MAA SHANTI OFF...,22:10,Forbesganj bus stand,05:00,06h 50m,585,22 Seats available,4.0
Bihar,Patna To Forbesganj,https://www.redbus.in/bus-tickets/patna-to-forbesganj,Raj Bus Services,A/C Seater / Sleeper (2+1),Patliputra ISBT (Patna (Bihar)),16:55,Forbesganj,02:05,09h 10m,463,21 Seats available,4.0
Bihar,Patna To Forbesganj,https://www.redbus.in/bus-tickets/patna-to-forbesganj,Raj Bus Services,A/C Seater / Sleeper (2+1),Patliputra ISBT (Patna (Bihar,19:25,Forbesganj,04:05,08h 40m,463,26 Seats available,4.0
Bihar,Patna To Forbesganj,https://www.redbus.in/bus-tickets/patna-to-forbesganj,Raj Bus Services,Bharat Benz A/C Seater /Sleeper (2+1),Patliputra ISBT (Patna (Bihar,18:25,Forbesganj,02:15,07h 50m,463,23 Seats available,4.0
Bihar,Patna To Forbesganj,https://www.redbus.in/bus-tickets/patna-to-forbesganj,Raj Bus Services,Bharat Benz A/C Seater /Sleeper (2+1),Patliputra ISBT (Patna (Bihar,20:35,Forbesganj,04:05,07h 30m,463,20 Seats available,4.0
Bihar,Patna To Forbesganj,https://www.redbus.in/bus-tickets/patna-to-forbesganj,Divya Rath,A/C Sleeper (2+1),"ADITYA VISION ,ZEROMILE PAHARI",20:45,Forbesganj NH 27,03:45,07h 00m,618,19 Seats available,4.0
Bihar,Patna To Forbesganj,https://www.redbus.in/bus-tickets/patna-to-forbesganj,Sadhvi Rath,A/C Seater / Sleeper (2+1),"Partiputra Bus Terminal ,ISBT (P",20:20,Bus Stand,03:05,06h 45m,495,48 Seats available,4.0
Bihar,Patna To Forbesganj,https://www.redbus.in/bus-tickets/patna-to-forbesganj,Maa Satyabhama Rath,A/C Seater / Sleeper (2+1),"GHANDHI MAIDAN,BAKIPUR BUS STOP",21:00,Forbesganj Bus Stand,04:45,07h 45m,555,45 Seats available,4.0
Bihar,Patna To Forbesganj,https://www.redbus.in/bus-tickets/patna-to-forbesganj,Shri Sai Krishna Luxury,A/C Seater / Sleeper (2+1),Gandhi Maidan,21:15,Forbesganj,04:45,07h 30m,600,51 Seats available,4.0
Bihar,Patna To Forbesganj,https://www.redbus.in/bus-tickets/patna-to-forbesganj,Meera Travels (Yvts),A/C Seater / Sleeper (2+1),Gandhi Maidan,20:30,Forbesganj,05:15,08h 45m,600,51 Seats available,4.0
Bihar,Patna To Forbesganj,https://www.redbus.in/bus-tickets/patna-to-forbesganj,Shatabdi Travels,A/C Seater / Sleeper (2+1),Gandhi Maidan,22:00,Forbesganj,05:45,07h 45m,700,38 Seats available,4.0
Bihar,Patna To Forbesganj,https://www.redbus.in/bus-tickets/patna-to-forbesganj,Sri Krishna Tours and Travels,A/C Seater / Sleeper (2+2),Rajendra Nagar,20:30,Forbesganj,04:10,07h 40m,570,54 Seats available,4.0
Bihar,Patna To Forbesganj,https://www.redbus.in/bus-tickets/patna-to-forbesganj,Shree Sai Krishna Luxury,A/C Seater / Sleeper (2+1),Ghandimaidan,21:15,Highway,06:10,08h 55m,600,42 Seats available,4.0
Bihar,Patna To Forbesganj,https://www.redbus.in/bus-tickets/patna-to-forbesganj,Aarush Krrish,A/C Seater / Sleeper (2+1),Patliputra Bus Terminal,21:00,Bus Stand,04:00,07h 00m,600,46 Seats available,4.0
Bihar,Patna To Forbesganj,https://www.redbus.in/bus-tickets/patna-to-forbesganj,Hawa Hawai (AT),A/C Seater / Sleeper (2+1),Pataliputra Bus Terminal,20:00,Forbesganj Bypass,01:46,29h 46m,555,24 Seats available,4.0
Bihar,Patna To Forbesganj,https://www.redbus.in/bus-tickets/patna-to-forbesganj,Sri Krishna Rath,A/C Seater / Sleeper (2+2),SRI KRISHNA RATH OFFICE ZERO ...,21:00,Forbesganj,04:30,07h 30m,479,62 Seats available,4.0
Bihar,Patna To Forbesganj,https://www.redbus.in/bus-tickets/patna-to-forbesganj,Sri Krishna Rath,A/C Seater / Sleeper (2+2),Patliputra ISBT,20:30,Forbesganj,04:00,07h 30m,809,28 Seats available,4.0
Bihar,Ranchi To Hajipur (Bihar),https://www.redbus.in/bus-tickets/ranchi-to-hajipur,Bihar state road transport corporation (BSRTC) - 153614,AC Seater (2+2),Ranchi Govt Bus Stand-Muz,20:55,Ramashish Chowk Golamber-Muz,06:30,09h 35m,541,33 Seats available,3.2
Bihar,Ranchi To Hajipur (Bihar),https://www.redbus.in/bus-tickets/ranchi-to-hajipur,JGD Travels Pvt Ltd.,Bharat Benz A/C Sleeper (2+1),Ranchi Bus Stand,20:35,Hajipur,05:00,08h 25m,1000,30 Seats available,3.2
Bihar,Ranchi To Hajipur (Bihar),https://www.redbus.in/bus-tickets/ranchi-to-hajipur,Pappu Travels (yvts),A/C Seater/Sleeper (2+1),Ranchi,16:45,Ramashischowk,03:30,10h 45m,800,8 Seats available,3.2
Bihar,Ranchi To Hajipur (Bihar),https://www.redbus.in/bus-tickets/ranchi-to-hajipur,Jai Mata Di Tour and Travels,A/C Seater / Sleeper (2+2),Ranchi,18:45,Hajipur,03:15,08h 30m,1000,4 Seats available,3.2
Bihar,Ranchi To Hajipur (Bihar),https://www.redbus.in/bus-tickets/ranchi-to-hajipur,Jai Mata Di Tour and Travels,A/C Seater / Sleeper (2+2),Ranchi,18:30,Hajipur,04:00,09h 30m,1000,4 Seats available,3.2
Bihar,Ranchi To Hajipur (Bihar),https://www.redbus.in/bus-tickets/ranchi-to-hajipur,Jai Mata Di Tour and Travels,A/C Seater / Sleeper (2+2),Ranchi,19:15,Hajipur,05:00,09h 45m,1000,53 Seats available,3.2
Bihar,Ranchi To Hajipur (Bihar),https://www.redbus.in/bus-tickets/ranchi-to-hajipur,Jai Mata Di Tour and Travels,AC Seater (2+2),Ranchi,20:00,Hajipur,04:00,08h 00m,1100,4 Seats available,3.2
Bihar,Ranchi To Hajipur (Bihar),https://www.redbus.in/bus-tickets/ranchi-to-hajipur,Pawapuri Motors,A/C Seater / Sleeper (2+1),Ranchi Khadgara Bus Stand,18:25,RAMASHISH CHOWK GOLAMBER,05:30,11h 05m,800,9 Seats available,3.2
Bihar,Ranchi To Hajipur (Bihar),https://www.redbus.in/bus-tickets/ranchi-to-hajipur,Tejas Maa Bhawani,A/C Seater / Sleeper (2+2),Khadgara Bus Stand,18:15,Ramashish Chowk Golamber,03:55,09h 40m,839,12 Seats available,3.2
Bihar,Ranchi To Hajipur (Bihar),https://www.redbus.in/bus-tickets/ranchi-to-hajipur,Tejas Maa Bhawani,A/C Sleeper (2+1),Khadgara Bus Stand,18:30,Ramashish Chowk Golamber,05:00,10h 30m,849,4 Seats available,3.2
Bihar,Ranchi To Hajipur (Bihar),https://www.redbus.in/bus-tickets/ranchi-to-hajipur,RAUSHAN TRAVELS AND HOSPITALITY,A/C Seater / Sleeper (2+2),Khadgara Bus Stand,19:30,Ramashish Chowk Golamber,04:30,09h 00m,700,4 Seats available,3.2
Bihar,Lucknow To Gopalganj (Bihar),https://www.redbus.in/bus-tickets/lucknow-to-gopalganj,Bihar state road transport corporation (BSRTC) - 152185,Volvo AC Seater 2+2,Alambagh,23:00,Banjari More-MUZ,07:00,08h 00m,700,45 Seats available,3.7
Bihar,Lucknow To Gopalganj (Bihar),https://www.redbus.in/bus-tickets/lucknow-to-gopalganj,Samay Shatabdi Travels Pvt Ltd,AC Sleeper (2+1),Charbagh,21:00,"By pass, gopalganj",03:45,06h 45m,1049,21 Seats available,3.7
Bihar,Lucknow To Gopalganj (Bihar),https://www.redbus.in/bus-tickets/lucknow-to-gopalganj,Gorakhdham Express Bus Service,A/C Seater / Sleeper (2+2),Alambagh,23:55,"By pass, gopalganj",07:30,07h 35m,799,30 Seats available,3.7
Bihar,Lucknow To Gopalganj (Bihar),https://www.redbus.in/bus-tickets/lucknow-to-gopalganj,Maan Travels,NON AC Seater / Sleeper 2+1,Charbagh,23:55,near bus stand,10:30,10h 35m,699,41 Seats available,3.7
Bihar,Lucknow To Gopalganj (Bihar),https://www.redbus.in/bus-tickets/lucknow-to-gopalganj,Maa Laxmi Bihar Express,Non A/C Seater / Sleeper (2+1),BY PASS,22:30,by pass,08:00,09h 30m,1700,14 Seats available,3.7
Bihar,Lucknow To Gopalganj (Bihar),https://www.redbus.in/bus-tickets/lucknow-to-gopalganj,Shree Balajee Travels And Cargo,A/C Seater / Sleeper (2+1),Charbagh,23:30,Gopalganj,07:30,08h 00m,1499,47 Seats available,3.7
